<?xml version="1.0"?>
<gpx xmlns="http://www.topografix.com/GPX/1/1" xmlns:xsi="http://www.w3.org/2001/XMLSchema-instance" xmlns:wptx1="http://www.garmin.com/xmlschemas/WaypointExtension/v1" xmlns:gpxtrx="http://www.garmin.com/xmlschemas/GpxExtensions/v3" xmlns:gpxtpx="http://www.garmin.com/xmlschemas/TrackPointExtension/v1" xmlns:gpxx="http://www.garmin.com/xmlschemas/GpxExtensions/v3" xmlns:trp="http://www.garmin.com/xmlschemas/TripExtensions/v1" xmlns:adv="http://www.garmin.com/xmlschemas/AdventuresExtensions/v1" xmlns:prs="http://www.garmin.com/xmlschemas/PressureExtension/v1" xmlns:tmd="http://www.garmin.com/xmlschemas/TripMetaDataExtensions/v1" xmlns:vptm="http://www.garmin.com/xmlschemas/ViaPointTransportationModeExtensions/v1" xmlns:ctx="http://www.garmin.com/xmlschemas/CreationTimeExtension/v1" xmlns:gpxacc="http://www.garmin.com/xmlschemas/AccelerationExtension/v1" xmlns:gpxpx="http://www.garmin.com/xmlschemas/PowerExtension/v1" xmlns:vidx1="http://www.garmin.com/xmlschemas/VideoExtension/v1" creator="Garmin Desktop App" version="1.1" xsi:schemaLocation="http://www.topografix.com/GPX/1/1 http://www.topografix.com/GPX/1/1/gpx.xsd http://www.garmin.com/xmlschemas/WaypointExtension/v1 http://www8.garmin.com/xmlschemas/WaypointExtensionv1.xsd http://www.garmin.com/xmlschemas/TrackPointExtension/v1 http://www.garmin.com/xmlschemas/TrackPointExtensionv1.xsd http://www.garmin.com/xmlschemas/GpxExtensions/v3 http://www8.garmin.com/xmlschemas/GpxExtensionsv3.xsd http://www.garmin.com/xmlschemas/ActivityExtension/v1 http://www8.garmin.com/xmlschemas/ActivityExtensionv1.xsd http://www.garmin.com/xmlschemas/AdventuresExtensions/v1 http://www8.garmin.com/xmlschemas/AdventuresExtensionv1.xsd http://www.garmin.com/xmlschemas/PressureExtension/v1 http://www.garmin.com/xmlschemas/PressureExtensionv1.xsd http://www.garmin.com/xmlschemas/TripExtensions/v1 http://www.garmin.com/xmlschemas/TripExtensionsv1.xsd http://www.garmin.com/xmlschemas/TripMetaDataExtensions/v1 http://www.garmin.com/xmlschemas/TripMetaDataExtensionsv1.xsd http://www.garmin.com/xmlschemas/ViaPointTransportationModeExtensions/v1 http://www.garmin.com/xmlschemas/ViaPointTransportationModeExtensionsv1.xsd http://www.garmin.com/xmlschemas/CreationTimeExtension/v1 http://www.garmin.com/xmlschemas/CreationTimeExtensionsv1.xsd http://www.garmin.com/xmlschemas/AccelerationExtension/v1 http://www.garmin.com/xmlschemas/AccelerationExtensionv1.xsd http://www.garmin.com/xmlschemas/PowerExtension/v1 http://www.garmin.com/xmlschemas/PowerExtensionv1.xsd http://www.garmin.com/xmlschemas/VideoExtension/v1 http://www.garmin.com/xmlschemas/VideoExtensionv1.xsd">
  <metadata>
    <link href="http://www.garmin.com">
      <text>Garmin International</text>
    </link>
    <time>2020-06-09T16:50:59Z</time>
    <bounds maxlat="31.460888413712382" maxlon="-109.91005034185946" minlat="31.447609551250935" minlon="-109.925961792469025"/>
  </metadata>
  <wpt lat="31.447609551250935" lon="-109.914064519107342">
    <ele>1579.473600000000033</ele>
    <time>2018-09-22T01:33:37Z</time>
    <name>Zac #1</name>
    <cmt>02-SEP-18 10:35:06AM</cmt>
    <desc>02-SEP-18 10:35:06AM</desc>
    <sym>City (Small)</sym>
    <type>user</type>
    <extensions>
      <gpxx:WaypointExtension>
        <gpxx:DisplayMode>SymbolOnly</gpxx:DisplayMode>
      </gpxx:WaypointExtension>
      <wptx1:WaypointExtension>
        <wptx1:DisplayMode>SymbolOnly</wptx1:DisplayMode>
      </wptx1:WaypointExtension>
      <ctx:CreationTimeExtension>
        <ctx:CreationTime>2018-09-22T01:33:37Z</ctx:CreationTime>
      </ctx:CreationTimeExtension>
    </extensions>
  </wpt>
  <wpt lat="31.452199313789606" lon="-109.917097929865122">
    <ele>1665.427200000000084</ele>
    <time>2018-09-22T01:33:37Z</time>
    <name>Zac #10</name>
    <cmt>02-SEP-18 11:37:14AM</cmt>
    <desc>02-SEP-18 11:37:14AM</desc>
    <sym>City (Small)</sym>
    <type>user</type>
    <extensions>
      <gpxx:WaypointExtension>
        <gpxx:DisplayMode>SymbolOnly</gpxx:DisplayMode>
      </gpxx:WaypointExtension>
      <wptx1:WaypointExtension>
        <wptx1:DisplayMode>SymbolOnly</wptx1:DisplayMode>
      </wptx1:WaypointExtension>
      <ctx:CreationTimeExtension>
        <ctx:CreationTime>2018-09-22T01:33:37Z</ctx:CreationTime>
      </ctx:CreationTimeExtension>
    </extensions>
  </wpt>
  <wpt lat="31.458824537694454" lon="-109.923896659165621">
    <ele>1780.94640000000004</ele>
    <time>2018-09-22T01:33:37Z</time>
    <name>Zac #100</name>
    <cmt>21-SEP-18 4:14:32PM</cmt>
    <desc>21-SEP-18 4:14:32PM</desc>
    <sym>City (Small)</sym>
    <type>user</type>
    <extensions>
      <gpxx:WaypointExtension>
        <gpxx:DisplayMode>SymbolOnly</gpxx:DisplayMode>
      </gpxx:WaypointExtension>
      <wptx1:WaypointExtension>
        <wptx1:DisplayMode>SymbolOnly</wptx1:DisplayMode>
      </wptx1:WaypointExtension>
      <ctx:CreationTimeExtension>
        <ctx:CreationTime>2018-09-22T01:33:37Z</ctx:CreationTime>
      </ctx:CreationTimeExtension>
    </extensions>
  </wpt>
  <wpt lat="31.458892179653049" lon="-109.923833627253771">
    <ele>1783.689600000000155</ele>
    <time>2018-09-22T01:33:37Z</time>
    <name>Zac #101</name>
    <cmt>21-SEP-18 4:16:29PM</cmt>
    <desc>21-SEP-18 4:16:29PM</desc>
    <sym>City (Small)</sym>
    <type>user</type>
    <extensions>
      <gpxx:WaypointExtension>
        <gpxx:DisplayMode>SymbolOnly</gpxx:DisplayMode>
      </gpxx:WaypointExtension>
      <wptx1:WaypointExtension>
        <wptx1:DisplayMode>SymbolOnly</wptx1:DisplayMode>
      </wptx1:WaypointExtension>
      <ctx:CreationTimeExtension>
        <ctx:CreationTime>2018-09-22T01:33:37Z</ctx:CreationTime>
      </ctx:CreationTimeExtension>
    </extensions>
  </wpt>
  <wpt lat="31.459014555439353" lon="-109.923830358311534">
    <ele>1785.823200000000043</ele>
    <time>2018-09-22T01:33:37Z</time>
    <name>Zac #102</name>
    <cmt>21-SEP-18 4:18:07PM</cmt>
    <desc>21-SEP-18 4:18:07PM</desc>
    <sym>City (Small)</sym>
    <type>user</type>
    <extensions>
      <gpxx:WaypointExtension>
        <gpxx:DisplayMode>SymbolOnly</gpxx:DisplayMode>
      </gpxx:WaypointExtension>
      <wptx1:WaypointExtension>
        <wptx1:DisplayMode>SymbolOnly</wptx1:DisplayMode>
      </wptx1:WaypointExtension>
      <ctx:CreationTimeExtension>
        <ctx:CreationTime>2018-09-22T01:33:37Z</ctx:CreationTime>
      </ctx:CreationTimeExtension>
    </extensions>
  </wpt>
  <wpt lat="31.459344383329153" lon="-109.923682333901525">
    <ele>1795.272000000000162</ele>
    <time>2018-09-22T01:33:37Z</time>
    <name>Zac #103</name>
    <cmt>21-SEP-18 4:21:53PM</cmt>
    <desc>21-SEP-18 4:21:53PM</desc>
    <sym>City (Small)</sym>
    <type>user</type>
    <extensions>
      <gpxx:WaypointExtension>
        <gpxx:DisplayMode>SymbolOnly</gpxx:DisplayMode>
      </gpxx:WaypointExtension>
      <wptx1:WaypointExtension>
        <wptx1:DisplayMode>SymbolOnly</wptx1:DisplayMode>
      </wptx1:WaypointExtension>
      <ctx:CreationTimeExtension>
        <ctx:CreationTime>2018-09-22T01:33:37Z</ctx:CreationTime>
      </ctx:CreationTimeExtension>
    </extensions>
  </wpt>
  <wpt lat="31.45938235335052" lon="-109.92366942577064">
    <ele>1799.234400000000051</ele>
    <time>2018-09-22T01:33:37Z</time>
    <name>Zac #104</name>
    <cmt>21-SEP-18 4:23:11PM</cmt>
    <desc>21-SEP-18 4:23:11PM</desc>
    <sym>City (Small)</sym>
    <type>user</type>
    <extensions>
      <gpxx:WaypointExtension>
        <gpxx:DisplayMode>SymbolOnly</gpxx:DisplayMode>
      </gpxx:WaypointExtension>
      <wptx1:WaypointExtension>
        <wptx1:DisplayMode>SymbolOnly</wptx1:DisplayMode>
      </wptx1:WaypointExtension>
      <ctx:CreationTimeExtension>
        <ctx:CreationTime>2018-09-22T01:33:37Z</ctx:CreationTime>
      </ctx:CreationTimeExtension>
    </extensions>
  </wpt>
  <wpt lat="31.459521660581231" lon="-109.923582505434752">
    <ele>1803.196800000000167</ele>
    <time>2018-09-22T01:33:37Z</time>
    <name>Zac #105</name>
    <cmt>21-SEP-18 4:25:29PM</cmt>
    <desc>21-SEP-18 4:25:29PM</desc>
    <sym>City (Small)</sym>
    <type>user</type>
    <extensions>
      <gpxx:WaypointExtension>
        <gpxx:DisplayMode>SymbolOnly</gpxx:DisplayMode>
      </gpxx:WaypointExtension>
      <wptx1:WaypointExtension>
        <wptx1:DisplayMode>SymbolOnly</wptx1:DisplayMode>
      </wptx1:WaypointExtension>
      <ctx:CreationTimeExtension>
        <ctx:CreationTime>2018-09-22T01:33:37Z</ctx:CreationTime>
      </ctx:CreationTimeExtension>
    </extensions>
  </wpt>
  <wpt lat="31.459646299481392" lon="-109.923518467694521">
    <ele>1805.635200000000168</ele>
    <time>2018-09-22T01:33:37Z</time>
    <name>Zac #106</name>
    <cmt>21-SEP-18 4:26:48PM</cmt>
    <desc>21-SEP-18 4:26:48PM</desc>
    <sym>City (Small)</sym>
    <type>user</type>
    <extensions>
      <gpxx:WaypointExtension>
        <gpxx:DisplayMode>SymbolOnly</gpxx:DisplayMode>
      </gpxx:WaypointExtension>
      <wptx1:WaypointExtension>
        <wptx1:DisplayMode>SymbolOnly</wptx1:DisplayMode>
      </wptx1:WaypointExtension>
      <ctx:CreationTimeExtension>
        <ctx:CreationTime>2018-09-22T01:33:37Z</ctx:CreationTime>
      </ctx:CreationTimeExtension>
    </extensions>
  </wpt>
  <wpt lat="31.459834976121783" lon="-109.923377316445112">
    <ele>1810.512000000000171</ele>
    <time>2018-09-22T01:33:37Z</time>
    <name>Zac #107</name>
    <cmt>21-SEP-18 4:28:39PM</cmt>
    <desc>21-SEP-18 4:28:39PM</desc>
    <sym>City (Small)</sym>
    <type>user</type>
    <extensions>
      <gpxx:WaypointExtension>
        <gpxx:DisplayMode>SymbolOnly</gpxx:DisplayMode>
      </gpxx:WaypointExtension>
      <wptx1:WaypointExtension>
        <wptx1:DisplayMode>SymbolOnly</wptx1:DisplayMode>
      </wptx1:WaypointExtension>
      <ctx:CreationTimeExtension>
        <ctx:CreationTime>2018-09-22T01:33:37Z</ctx:CreationTime>
      </ctx:CreationTimeExtension>
    </extensions>
  </wpt>
  <wpt lat="31.459974618628621" lon="-109.92324966005981">
    <ele>1815.69360000000006</ele>
    <time>2018-09-22T01:33:37Z</time>
    <name>Zac #108</name>
    <cmt>21-SEP-18 4:30:53PM</cmt>
    <desc>21-SEP-18 4:30:53PM</desc>
    <sym>City (Small)</sym>
    <type>user</type>
    <extensions>
      <gpxx:WaypointExtension>
        <gpxx:DisplayMode>SymbolOnly</gpxx:DisplayMode>
      </gpxx:WaypointExtension>
      <wptx1:WaypointExtension>
        <wptx1:DisplayMode>SymbolOnly</wptx1:DisplayMode>
      </wptx1:WaypointExtension>
      <ctx:CreationTimeExtension>
        <ctx:CreationTime>2018-09-22T01:33:37Z</ctx:CreationTime>
      </ctx:CreationTimeExtension>
    </extensions>
  </wpt>
  <wpt lat="31.460034130141139" lon="-109.923125104978681">
    <ele>1822.399200000000064</ele>
    <time>2018-09-22T01:33:37Z</time>
    <name>Zac #109</name>
    <cmt>21-SEP-18 4:32:49PM</cmt>
    <desc>21-SEP-18 4:32:49PM</desc>
    <sym>City (Small)</sym>
    <type>user</type>
    <extensions>
      <gpxx:WaypointExtension>
        <gpxx:DisplayMode>SymbolOnly</gpxx:DisplayMode>
      </gpxx:WaypointExtension>
      <wptx1:WaypointExtension>
        <wptx1:DisplayMode>SymbolOnly</wptx1:DisplayMode>
      </wptx1:WaypointExtension>
      <ctx:CreationTimeExtension>
        <ctx:CreationTime>2018-09-22T01:33:37Z</ctx:CreationTime>
      </ctx:CreationTimeExtension>
    </extensions>
  </wpt>
  <wpt lat="31.452282294631004" lon="-109.917239751666784">
    <ele>1669.084800000000087</ele>
    <time>2018-09-22T01:33:37Z</time>
    <name>Zac #11</name>
    <cmt>02-SEP-18 11:39:22AM</cmt>
    <desc>02-SEP-18 11:39:22AM</desc>
    <sym>City (Small)</sym>
    <type>user</type>
    <extensions>
      <gpxx:WaypointExtension>
        <gpxx:DisplayMode>SymbolOnly</gpxx:DisplayMode>
      </gpxx:WaypointExtension>
      <wptx1:WaypointExtension>
        <wptx1:DisplayMode>SymbolOnly</wptx1:DisplayMode>
      </wptx1:WaypointExtension>
      <ctx:CreationTimeExtension>
        <ctx:CreationTime>2018-09-22T01:33:37Z</ctx:CreationTime>
      </ctx:CreationTimeExtension>
    </extensions>
  </wpt>
  <wpt lat="31.460254155099392" lon="-109.922950929030776">
    <ele>1831.54320000000007</ele>
    <time>2018-09-22T01:33:37Z</time>
    <name>Zac #110</name>
    <cmt>21-SEP-18 4:36:17PM</cmt>
    <desc>21-SEP-18 4:36:17PM</desc>
    <sym>City (Small)</sym>
    <type>user</type>
    <extensions>
      <gpxx:WaypointExtension>
        <gpxx:DisplayMode>SymbolOnly</gpxx:DisplayMode>
      </gpxx:WaypointExtension>
      <wptx1:WaypointExtension>
        <wptx1:DisplayMode>SymbolOnly</wptx1:DisplayMode>
      </wptx1:WaypointExtension>
      <ctx:CreationTimeExtension>
        <ctx:CreationTime>2018-09-22T01:33:37Z</ctx:CreationTime>
      </ctx:CreationTimeExtension>
    </extensions>
  </wpt>
  <wpt lat="31.451677707955241" lon="-109.91005034185946">
    <ele>1729.130400000000009</ele>
    <time>2018-10-03T23:20:49Z</time>
    <name>Zac #111</name>
    <cmt>03-OCT-18 1:43:54PM</cmt>
    <desc>03-OCT-18 1:43:54PM</desc>
    <sym>City (Small)</sym>
    <type>user</type>
    <extensions>
      <gpxx:WaypointExtension>
        <gpxx:DisplayMode>SymbolOnly</gpxx:DisplayMode>
      </gpxx:WaypointExtension>
      <wptx1:WaypointExtension>
        <wptx1:DisplayMode>SymbolOnly</wptx1:DisplayMode>
      </wptx1:WaypointExtension>
      <ctx:CreationTimeExtension>
        <ctx:CreationTime>2018-10-03T23:20:49Z</ctx:CreationTime>
      </ctx:CreationTimeExtension>
    </extensions>
  </wpt>
  <wpt lat="31.451472602784634" lon="-109.91011681035161">
    <ele>1724.253600000000006</ele>
    <time>2018-10-03T23:20:49Z</time>
    <name>Zac #112</name>
    <cmt>03-OCT-18 1:48:20PM</cmt>
    <desc>03-OCT-18 1:48:20PM</desc>
    <sym>City (Small)</sym>
    <type>user</type>
    <extensions>
      <gpxx:WaypointExtension>
        <gpxx:DisplayMode>SymbolOnly</gpxx:DisplayMode>
      </gpxx:WaypointExtension>
      <wptx1:WaypointExtension>
        <wptx1:DisplayMode>SymbolOnly</wptx1:DisplayMode>
      </wptx1:WaypointExtension>
      <ctx:CreationTimeExtension>
        <ctx:CreationTime>2018-10-03T23:20:49Z</ctx:CreationTime>
      </ctx:CreationTimeExtension>
    </extensions>
  </wpt>
  <wpt lat="31.451349724084139" lon="-109.910217057913542">
    <ele>1719.986400000000003</ele>
    <time>2018-10-03T23:20:49Z</time>
    <name>Zac #113</name>
    <cmt>03-OCT-18 1:51:07PM</cmt>
    <desc>03-OCT-18 1:51:07PM</desc>
    <sym>City (Small)</sym>
    <type>user</type>
    <extensions>
      <gpxx:WaypointExtension>
        <gpxx:DisplayMode>SymbolOnly</gpxx:DisplayMode>
      </gpxx:WaypointExtension>
      <wptx1:WaypointExtension>
        <wptx1:DisplayMode>SymbolOnly</wptx1:DisplayMode>
      </wptx1:WaypointExtension>
      <ctx:CreationTimeExtension>
        <ctx:CreationTime>2018-10-03T23:20:49Z</ctx:CreationTime>
      </ctx:CreationTimeExtension>
    </extensions>
  </wpt>
  <wpt lat="31.451315274462104" lon="-109.910274976864457">
    <ele>1719.072000000000116</ele>
    <time>2018-10-03T23:20:49Z</time>
    <name>Zac #114</name>
    <cmt>03-OCT-18 1:54:49PM</cmt>
    <desc>03-OCT-18 1:54:49PM</desc>
    <sym>City (Small)</sym>
    <type>user</type>
    <extensions>
      <gpxx:WaypointExtension>
        <gpxx:DisplayMode>SymbolOnly</gpxx:DisplayMode>
      </gpxx:WaypointExtension>
      <wptx1:WaypointExtension>
        <wptx1:DisplayMode>SymbolOnly</wptx1:DisplayMode>
      </wptx1:WaypointExtension>
      <ctx:CreationTimeExtension>
        <ctx:CreationTime>2018-10-03T23:20:49Z</ctx:CreationTime>
      </ctx:CreationTimeExtension>
    </extensions>
  </wpt>
  <wpt lat="31.451194323599339" lon="-109.910308755934238">
    <ele>1716.938400000000001</ele>
    <time>2018-10-03T23:20:49Z</time>
    <name>Zac #115</name>
    <cmt>03-OCT-18 1:56:06PM</cmt>
    <desc>03-OCT-18 1:56:06PM</desc>
    <sym>City (Small)</sym>
    <type>user</type>
    <extensions>
      <gpxx:WaypointExtension>
        <gpxx:DisplayMode>SymbolOnly</gpxx:DisplayMode>
      </gpxx:WaypointExtension>
      <wptx1:WaypointExtension>
        <wptx1:DisplayMode>SymbolOnly</wptx1:DisplayMode>
      </wptx1:WaypointExtension>
      <ctx:CreationTimeExtension>
        <ctx:CreationTime>2018-10-03T23:20:49Z</ctx:CreationTime>
      </ctx:CreationTimeExtension>
    </extensions>
  </wpt>
  <wpt lat="31.451114360243082" lon="-109.910369608551264">
    <ele>1716.024000000000115</ele>
    <time>2018-10-03T23:20:49Z</time>
    <name>Zac #116</name>
    <cmt>03-OCT-18 1:58:25PM</cmt>
    <desc>03-OCT-18 1:58:25PM</desc>
    <sym>City (Small)</sym>
    <type>user</type>
    <extensions>
      <gpxx:WaypointExtension>
        <gpxx:DisplayMode>SymbolOnly</gpxx:DisplayMode>
      </gpxx:WaypointExtension>
      <wptx1:WaypointExtension>
        <wptx1:DisplayMode>SymbolOnly</wptx1:DisplayMode>
      </wptx1:WaypointExtension>
      <ctx:CreationTimeExtension>
        <ctx:CreationTime>2018-10-03T23:20:49Z</ctx:CreationTime>
      </ctx:CreationTimeExtension>
    </extensions>
  </wpt>
  <wpt lat="31.450971532613039" lon="-109.910463066771626">
    <ele>1711.451999999999998</ele>
    <time>2018-10-03T23:20:49Z</time>
    <name>Zac #117</name>
    <cmt>03-OCT-18 2:01:57PM</cmt>
    <desc>03-OCT-18 2:01:57PM</desc>
    <sym>City (Small)</sym>
    <type>user</type>
    <extensions>
      <gpxx:WaypointExtension>
        <gpxx:DisplayMode>SymbolOnly</gpxx:DisplayMode>
      </gpxx:WaypointExtension>
      <wptx1:WaypointExtension>
        <wptx1:DisplayMode>SymbolOnly</wptx1:DisplayMode>
      </wptx1:WaypointExtension>
      <ctx:CreationTimeExtension>
        <ctx:CreationTime>2018-10-03T23:20:49Z</ctx:CreationTime>
      </ctx:CreationTimeExtension>
    </extensions>
  </wpt>
  <wpt lat="31.450920905917883" lon="-109.91053800098598">
    <ele>1711.451999999999998</ele>
    <time>2018-10-03T23:20:49Z</time>
    <name>Zac #118</name>
    <cmt>03-OCT-18 2:02:31PM</cmt>
    <desc>03-OCT-18 2:02:31PM</desc>
    <sym>City (Small)</sym>
    <type>user</type>
    <extensions>
      <gpxx:WaypointExtension>
        <gpxx:DisplayMode>SymbolOnly</gpxx:DisplayMode>
      </gpxx:WaypointExtension>
      <wptx1:WaypointExtension>
        <wptx1:DisplayMode>SymbolOnly</wptx1:DisplayMode>
      </wptx1:WaypointExtension>
      <ctx:CreationTimeExtension>
        <ctx:CreationTime>2018-10-03T23:20:49Z</ctx:CreationTime>
      </ctx:CreationTimeExtension>
    </extensions>
  </wpt>
  <wpt lat="31.450849827378988" lon="-109.910583347082138">
    <ele>1707.794399999999996</ele>
    <time>2018-10-03T23:20:49Z</time>
    <name>Zac #119</name>
    <cmt>03-OCT-18 2:04:59PM</cmt>
    <desc>03-OCT-18 2:04:59PM</desc>
    <sym>City (Small)</sym>
    <type>user</type>
    <extensions>
      <gpxx:WaypointExtension>
        <gpxx:DisplayMode>SymbolOnly</gpxx:DisplayMode>
      </gpxx:WaypointExtension>
      <wptx1:WaypointExtension>
        <wptx1:DisplayMode>SymbolOnly</wptx1:DisplayMode>
      </wptx1:WaypointExtension>
      <ctx:CreationTimeExtension>
        <ctx:CreationTime>2018-10-03T23:20:49Z</ctx:CreationTime>
      </ctx:CreationTimeExtension>
    </extensions>
  </wpt>
  <wpt lat="31.452321354299784" lon="-109.917357601225376">
    <ele>1670.304000000000087</ele>
    <time>2018-09-22T01:33:37Z</time>
    <name>Zac #12</name>
    <cmt>02-SEP-18 11:40:20AM</cmt>
    <desc>02-SEP-18 11:40:20AM</desc>
    <sym>City (Small)</sym>
    <type>user</type>
    <extensions>
      <gpxx:WaypointExtension>
        <gpxx:DisplayMode>SymbolOnly</gpxx:DisplayMode>
      </gpxx:WaypointExtension>
      <wptx1:WaypointExtension>
        <wptx1:DisplayMode>SymbolOnly</wptx1:DisplayMode>
      </wptx1:WaypointExtension>
      <ctx:CreationTimeExtension>
        <ctx:CreationTime>2018-09-22T01:33:37Z</ctx:CreationTime>
      </ctx:CreationTimeExtension>
    </extensions>
  </wpt>
  <wpt lat="31.450756620615721" lon="-109.910741010680795">
    <ele>1704.441600000000108</ele>
    <time>2018-10-03T23:20:49Z</time>
    <name>Zac #120</name>
    <cmt>03-OCT-18 2:07:21PM</cmt>
    <desc>03-OCT-18 2:07:21PM</desc>
    <sym>City (Small)</sym>
    <type>user</type>
    <extensions>
      <gpxx:WaypointExtension>
        <gpxx:DisplayMode>SymbolOnly</gpxx:DisplayMode>
      </gpxx:WaypointExtension>
      <wptx1:WaypointExtension>
        <wptx1:DisplayMode>SymbolOnly</wptx1:DisplayMode>
      </wptx1:WaypointExtension>
      <ctx:CreationTimeExtension>
        <ctx:CreationTime>2018-10-03T23:20:49Z</ctx:CreationTime>
      </ctx:CreationTimeExtension>
    </extensions>
  </wpt>
  <wpt lat="31.450735917314887" lon="-109.910856345668435">
    <ele>1702.917599999999993</ele>
    <time>2018-10-03T23:20:49Z</time>
    <name>Zac #121</name>
    <cmt>03-OCT-18 2:09:10PM</cmt>
    <desc>03-OCT-18 2:09:10PM</desc>
    <sym>City (Small)</sym>
    <type>user</type>
    <extensions>
      <gpxx:WaypointExtension>
        <gpxx:DisplayMode>SymbolOnly</gpxx:DisplayMode>
      </gpxx:WaypointExtension>
      <wptx1:WaypointExtension>
        <wptx1:DisplayMode>SymbolOnly</wptx1:DisplayMode>
      </wptx1:WaypointExtension>
      <ctx:CreationTimeExtension>
        <ctx:CreationTime>2018-10-03T23:20:49Z</ctx:CreationTime>
      </ctx:CreationTimeExtension>
    </extensions>
  </wpt>
  <wpt lat="31.450693169608712" lon="-109.910904876887798">
    <ele>1703.222400000000107</ele>
    <time>2018-10-03T23:20:49Z</time>
    <name>Zac #122</name>
    <cmt>03-OCT-18 2:10:58PM</cmt>
    <desc>03-OCT-18 2:10:58PM</desc>
    <sym>City (Small)</sym>
    <type>user</type>
    <extensions>
      <gpxx:WaypointExtension>
        <gpxx:DisplayMode>SymbolOnly</gpxx:DisplayMode>
      </gpxx:WaypointExtension>
      <wptx1:WaypointExtension>
        <wptx1:DisplayMode>SymbolOnly</wptx1:DisplayMode>
      </wptx1:WaypointExtension>
      <ctx:CreationTimeExtension>
        <ctx:CreationTime>2018-10-03T23:20:49Z</ctx:CreationTime>
      </ctx:CreationTimeExtension>
    </extensions>
  </wpt>
  <wpt lat="31.450710268691182" lon="-109.910995066165924">
    <ele>1700.784000000000106</ele>
    <time>2018-10-03T23:20:49Z</time>
    <name>Zac #123</name>
    <cmt>03-OCT-18 2:14:52PM</cmt>
    <desc>03-OCT-18 2:14:52PM</desc>
    <sym>City (Small)</sym>
    <type>user</type>
    <extensions>
      <gpxx:WaypointExtension>
        <gpxx:DisplayMode>SymbolOnly</gpxx:DisplayMode>
      </gpxx:WaypointExtension>
      <wptx1:WaypointExtension>
        <wptx1:DisplayMode>SymbolOnly</wptx1:DisplayMode>
      </wptx1:WaypointExtension>
      <ctx:CreationTimeExtension>
        <ctx:CreationTime>2018-10-03T23:20:49Z</ctx:CreationTime>
      </ctx:CreationTimeExtension>
    </extensions>
  </wpt>
  <wpt lat="31.450705574825406" lon="-109.911002106964588">
    <ele>1700.479199999999992</ele>
    <time>2018-10-03T23:20:49Z</time>
    <name>Zac #124</name>
    <cmt>03-OCT-18 2:16:04PM</cmt>
    <desc>03-OCT-18 2:16:04PM</desc>
    <sym>City (Small)</sym>
    <type>user</type>
    <extensions>
      <gpxx:WaypointExtension>
        <gpxx:DisplayMode>SymbolOnly</gpxx:DisplayMode>
      </gpxx:WaypointExtension>
      <wptx1:WaypointExtension>
        <wptx1:DisplayMode>SymbolOnly</wptx1:DisplayMode>
      </wptx1:WaypointExtension>
      <ctx:CreationTimeExtension>
        <ctx:CreationTime>2018-10-03T23:20:49Z</ctx:CreationTime>
      </ctx:CreationTimeExtension>
    </extensions>
  </wpt>
  <wpt lat="31.450731307268143" lon="-109.911181982606649">
    <ele>1700.174400000000105</ele>
    <time>2018-10-03T23:20:49Z</time>
    <name>Zac #125</name>
    <cmt>03-OCT-18 2:19:43PM</cmt>
    <desc>03-OCT-18 2:19:43PM</desc>
    <sym>City (Small)</sym>
    <type>user</type>
    <extensions>
      <gpxx:WaypointExtension>
        <gpxx:DisplayMode>SymbolOnly</gpxx:DisplayMode>
      </gpxx:WaypointExtension>
      <wptx1:WaypointExtension>
        <wptx1:DisplayMode>SymbolOnly</wptx1:DisplayMode>
      </wptx1:WaypointExtension>
      <ctx:CreationTimeExtension>
        <ctx:CreationTime>2018-10-03T23:20:49Z</ctx:CreationTime>
      </ctx:CreationTimeExtension>
    </extensions>
  </wpt>
  <wpt lat="31.450766008347273" lon="-109.911242332309484">
    <ele>1699.259999999999991</ele>
    <time>2018-10-03T23:20:49Z</time>
    <name>Zac #126</name>
    <cmt>03-OCT-18 2:22:00PM</cmt>
    <desc>03-OCT-18 2:22:00PM</desc>
    <sym>City (Small)</sym>
    <type>user</type>
    <extensions>
      <gpxx:WaypointExtension>
        <gpxx:DisplayMode>SymbolOnly</gpxx:DisplayMode>
      </gpxx:WaypointExtension>
      <wptx1:WaypointExtension>
        <wptx1:DisplayMode>SymbolOnly</wptx1:DisplayMode>
      </wptx1:WaypointExtension>
      <ctx:CreationTimeExtension>
        <ctx:CreationTime>2018-10-03T23:20:49Z</ctx:CreationTime>
      </ctx:CreationTimeExtension>
    </extensions>
  </wpt>
  <wpt lat="31.450741365551949" lon="-109.911394044756889">
    <ele>1695.297600000000102</ele>
    <time>2018-10-03T23:20:49Z</time>
    <name>Zac #127</name>
    <cmt>03-OCT-18 2:25:44PM</cmt>
    <desc>03-OCT-18 2:25:44PM</desc>
    <sym>City (Small)</sym>
    <type>user</type>
    <extensions>
      <gpxx:WaypointExtension>
        <gpxx:DisplayMode>SymbolOnly</gpxx:DisplayMode>
      </gpxx:WaypointExtension>
      <wptx1:WaypointExtension>
        <wptx1:DisplayMode>SymbolOnly</wptx1:DisplayMode>
      </wptx1:WaypointExtension>
      <ctx:CreationTimeExtension>
        <ctx:CreationTime>2018-10-03T23:20:49Z</ctx:CreationTime>
      </ctx:CreationTimeExtension>
    </extensions>
  </wpt>
  <wpt lat="31.450795009732246" lon="-109.911467051133513">
    <ele>1694.078400000000101</ele>
    <time>2018-10-03T23:20:49Z</time>
    <name>Zac #128</name>
    <cmt>03-OCT-18 2:26:34PM</cmt>
    <desc>03-OCT-18 2:26:34PM</desc>
    <sym>City (Small)</sym>
    <type>user</type>
    <extensions>
      <gpxx:WaypointExtension>
        <gpxx:DisplayMode>SymbolOnly</gpxx:DisplayMode>
      </gpxx:WaypointExtension>
      <wptx1:WaypointExtension>
        <wptx1:DisplayMode>SymbolOnly</wptx1:DisplayMode>
      </wptx1:WaypointExtension>
      <ctx:CreationTimeExtension>
        <ctx:CreationTime>2018-10-03T23:20:49Z</ctx:CreationTime>
      </ctx:CreationTimeExtension>
    </extensions>
  </wpt>
  <wpt lat="31.450752848759294" lon="-109.911613231524825">
    <ele>1694.383199999999988</ele>
    <time>2018-10-03T23:20:49Z</time>
    <name>Zac #129</name>
    <cmt>03-OCT-18 2:28:49PM</cmt>
    <desc>03-OCT-18 2:28:49PM</desc>
    <sym>City (Small)</sym>
    <type>user</type>
    <extensions>
      <gpxx:WaypointExtension>
        <gpxx:DisplayMode>SymbolOnly</gpxx:DisplayMode>
      </gpxx:WaypointExtension>
      <wptx1:WaypointExtension>
        <wptx1:DisplayMode>SymbolOnly</wptx1:DisplayMode>
      </wptx1:WaypointExtension>
      <ctx:CreationTimeExtension>
        <ctx:CreationTime>2018-10-03T23:20:49Z</ctx:CreationTime>
      </ctx:CreationTimeExtension>
    </extensions>
  </wpt>
  <wpt lat="31.450709933415055" lon="-109.9116266425699">
    <ele>1692.859200000000101</ele>
    <time>2018-10-03T23:20:49Z</time>
    <name>Zac #130</name>
    <cmt>03-OCT-18 2:30:29PM</cmt>
    <desc>03-OCT-18 2:30:29PM</desc>
    <sym>City (Small)</sym>
    <type>user</type>
    <extensions>
      <gpxx:WaypointExtension>
        <gpxx:DisplayMode>SymbolOnly</gpxx:DisplayMode>
      </gpxx:WaypointExtension>
      <wptx1:WaypointExtension>
        <wptx1:DisplayMode>SymbolOnly</wptx1:DisplayMode>
      </wptx1:WaypointExtension>
      <ctx:CreationTimeExtension>
        <ctx:CreationTime>2018-10-03T23:20:49Z</ctx:CreationTime>
      </ctx:CreationTimeExtension>
    </extensions>
  </wpt>
  <wpt lat="31.450688978657126" lon="-109.911670396104455">
    <ele>1690.420800000000099</ele>
    <time>2018-10-03T23:20:49Z</time>
    <name>Zac #131</name>
    <cmt>03-OCT-18 2:31:22PM</cmt>
    <desc>03-OCT-18 2:31:22PM</desc>
    <sym>City (Small)</sym>
    <type>user</type>
    <extensions>
      <gpxx:WaypointExtension>
        <gpxx:DisplayMode>SymbolOnly</gpxx:DisplayMode>
      </gpxx:WaypointExtension>
      <wptx1:WaypointExtension>
        <wptx1:DisplayMode>SymbolOnly</wptx1:DisplayMode>
      </wptx1:WaypointExtension>
      <ctx:CreationTimeExtension>
        <ctx:CreationTime>2018-10-03T23:20:49Z</ctx:CreationTime>
      </ctx:CreationTimeExtension>
    </extensions>
  </wpt>
  <wpt lat="31.450662324205041" lon="-109.911690345034003">
    <ele>1689.506399999999985</ele>
    <time>2018-10-03T23:20:49Z</time>
    <name>Zac #132</name>
    <cmt>03-OCT-18 2:32:16PM</cmt>
    <desc>03-OCT-18 2:32:16PM</desc>
    <sym>City (Small)</sym>
    <type>user</type>
    <extensions>
      <gpxx:WaypointExtension>
        <gpxx:DisplayMode>SymbolOnly</gpxx:DisplayMode>
      </gpxx:WaypointExtension>
      <wptx1:WaypointExtension>
        <wptx1:DisplayMode>SymbolOnly</wptx1:DisplayMode>
      </wptx1:WaypointExtension>
      <ctx:CreationTimeExtension>
        <ctx:CreationTime>2018-10-03T23:20:49Z</ctx:CreationTime>
      </ctx:CreationTimeExtension>
    </extensions>
  </wpt>
  <wpt lat="31.450642039999366" lon="-109.911756394430995">
    <ele>1689.201600000000099</ele>
    <time>2018-10-03T23:20:49Z</time>
    <name>Zac #133</name>
    <cmt>03-OCT-18 2:33:51PM</cmt>
    <desc>03-OCT-18 2:33:51PM</desc>
    <sym>City (Small)</sym>
    <type>user</type>
    <extensions>
      <gpxx:WaypointExtension>
        <gpxx:DisplayMode>SymbolOnly</gpxx:DisplayMode>
      </gpxx:WaypointExtension>
      <wptx1:WaypointExtension>
        <wptx1:DisplayMode>SymbolOnly</wptx1:DisplayMode>
      </wptx1:WaypointExtension>
      <ctx:CreationTimeExtension>
        <ctx:CreationTime>2018-10-03T23:20:49Z</ctx:CreationTime>
      </ctx:CreationTimeExtension>
    </extensions>
  </wpt>
  <wpt lat="31.450652936473489" lon="-109.911810290068388">
    <ele>1689.506399999999985</ele>
    <time>2018-10-03T23:20:49Z</time>
    <name>Zac #134</name>
    <cmt>03-OCT-18 2:34:07PM</cmt>
    <desc>03-OCT-18 2:34:07PM</desc>
    <sym>City (Small)</sym>
    <type>user</type>
    <extensions>
      <gpxx:WaypointExtension>
        <gpxx:DisplayMode>SymbolOnly</gpxx:DisplayMode>
      </gpxx:WaypointExtension>
      <wptx1:WaypointExtension>
        <wptx1:DisplayMode>SymbolOnly</wptx1:DisplayMode>
      </wptx1:WaypointExtension>
      <ctx:CreationTimeExtension>
        <ctx:CreationTime>2018-10-03T23:20:49Z</ctx:CreationTime>
      </ctx:CreationTimeExtension>
    </extensions>
  </wpt>
  <wpt lat="31.450580013915896" lon="-109.912024866789579">
    <ele>1684.934400000000096</ele>
    <time>2018-10-03T23:20:49Z</time>
    <name>Zac #135</name>
    <cmt>03-OCT-18 2:37:26PM</cmt>
    <desc>03-OCT-18 2:37:26PM</desc>
    <sym>City (Small)</sym>
    <type>user</type>
    <extensions>
      <gpxx:WaypointExtension>
        <gpxx:DisplayMode>SymbolOnly</gpxx:DisplayMode>
      </gpxx:WaypointExtension>
      <wptx1:WaypointExtension>
        <wptx1:DisplayMode>SymbolOnly</wptx1:DisplayMode>
      </wptx1:WaypointExtension>
      <ctx:CreationTimeExtension>
        <ctx:CreationTime>2018-10-03T23:20:49Z</ctx:CreationTime>
      </ctx:CreationTimeExtension>
    </extensions>
  </wpt>
  <wpt lat="31.450593173503876" lon="-109.912112625315785">
    <ele>1682.496000000000095</ele>
    <time>2018-10-03T23:20:49Z</time>
    <name>Zac #136</name>
    <cmt>03-OCT-18 2:40:13PM</cmt>
    <desc>03-OCT-18 2:40:13PM</desc>
    <sym>City (Small)</sym>
    <type>user</type>
    <extensions>
      <gpxx:WaypointExtension>
        <gpxx:DisplayMode>SymbolOnly</gpxx:DisplayMode>
      </gpxx:WaypointExtension>
      <wptx1:WaypointExtension>
        <wptx1:DisplayMode>SymbolOnly</wptx1:DisplayMode>
      </wptx1:WaypointExtension>
      <ctx:CreationTimeExtension>
        <ctx:CreationTime>2018-10-03T23:20:49Z</ctx:CreationTime>
      </ctx:CreationTimeExtension>
    </extensions>
  </wpt>
  <wpt lat="31.450578840449452" lon="-109.912176579236984">
    <ele>1680.97199999999998</ele>
    <time>2018-10-03T23:20:49Z</time>
    <name>Zac #137</name>
    <cmt>03-OCT-18 2:40:44PM</cmt>
    <desc>03-OCT-18 2:40:44PM</desc>
    <sym>City (Small)</sym>
    <type>user</type>
    <extensions>
      <gpxx:WaypointExtension>
        <gpxx:DisplayMode>SymbolOnly</gpxx:DisplayMode>
      </gpxx:WaypointExtension>
      <wptx1:WaypointExtension>
        <wptx1:DisplayMode>SymbolOnly</wptx1:DisplayMode>
      </wptx1:WaypointExtension>
      <ctx:CreationTimeExtension>
        <ctx:CreationTime>2018-10-03T23:20:49Z</ctx:CreationTime>
      </ctx:CreationTimeExtension>
    </extensions>
  </wpt>
  <wpt lat="31.450540786609054" lon="-109.912217650562525">
    <ele>1680.97199999999998</ele>
    <time>2018-10-03T23:20:49Z</time>
    <name>Zac #138</name>
    <cmt>03-OCT-18 2:42:48PM</cmt>
    <desc>03-OCT-18 2:42:48PM</desc>
    <sym>City (Small)</sym>
    <type>user</type>
    <extensions>
      <gpxx:WaypointExtension>
        <gpxx:DisplayMode>SymbolOnly</gpxx:DisplayMode>
      </gpxx:WaypointExtension>
      <wptx1:WaypointExtension>
        <wptx1:DisplayMode>SymbolOnly</wptx1:DisplayMode>
      </wptx1:WaypointExtension>
      <ctx:CreationTimeExtension>
        <ctx:CreationTime>2018-10-03T23:20:49Z</ctx:CreationTime>
      </ctx:CreationTimeExtension>
    </extensions>
  </wpt>
  <wpt lat="31.45042235031724" lon="-109.912442872300744">
    <ele>1679.143199999999979</ele>
    <time>2018-10-03T23:20:49Z</time>
    <name>Zac #139</name>
    <cmt>03-OCT-18 2:44:56PM</cmt>
    <desc>03-OCT-18 2:44:56PM</desc>
    <sym>City (Small)</sym>
    <type>user</type>
    <extensions>
      <gpxx:WaypointExtension>
        <gpxx:DisplayMode>SymbolOnly</gpxx:DisplayMode>
      </gpxx:WaypointExtension>
      <wptx1:WaypointExtension>
        <wptx1:DisplayMode>SymbolOnly</wptx1:DisplayMode>
      </wptx1:WaypointExtension>
      <ctx:CreationTimeExtension>
        <ctx:CreationTime>2018-10-03T23:20:49Z</ctx:CreationTime>
      </ctx:CreationTimeExtension>
    </extensions>
  </wpt>
  <wpt lat="31.452363850548863" lon="-109.917551474645734">
    <ele>1673.352000000000089</ele>
    <time>2018-09-22T01:33:37Z</time>
    <name>Zac #14</name>
    <cmt>02-SEP-18 11:43:16AM</cmt>
    <desc>02-SEP-18 11:43:16AM</desc>
    <sym>City (Small)</sym>
    <type>user</type>
    <extensions>
      <gpxx:WaypointExtension>
        <gpxx:DisplayMode>SymbolOnly</gpxx:DisplayMode>
      </gpxx:WaypointExtension>
      <wptx1:WaypointExtension>
        <wptx1:DisplayMode>SymbolOnly</wptx1:DisplayMode>
      </wptx1:WaypointExtension>
      <ctx:CreationTimeExtension>
        <ctx:CreationTime>2018-09-22T01:33:37Z</ctx:CreationTime>
      </ctx:CreationTimeExtension>
    </extensions>
  </wpt>
  <wpt lat="31.450382452458143" lon="-109.912459971383214">
    <ele>1677.009600000000091</ele>
    <time>2018-10-03T23:20:49Z</time>
    <name>Zac #140</name>
    <cmt>03-OCT-18 2:45:35PM</cmt>
    <desc>03-OCT-18 2:45:35PM</desc>
    <sym>City (Small)</sym>
    <type>user</type>
    <extensions>
      <gpxx:WaypointExtension>
        <gpxx:DisplayMode>SymbolOnly</gpxx:DisplayMode>
      </gpxx:WaypointExtension>
      <wptx1:WaypointExtension>
        <wptx1:DisplayMode>SymbolOnly</wptx1:DisplayMode>
      </wptx1:WaypointExtension>
      <ctx:CreationTimeExtension>
        <ctx:CreationTime>2018-10-03T23:20:49Z</ctx:CreationTime>
      </ctx:CreationTimeExtension>
    </extensions>
  </wpt>
  <wpt lat="31.450310200452805" lon="-109.912610929459333">
    <ele>1673.352000000000089</ele>
    <time>2018-10-03T23:20:49Z</time>
    <name>Zac #141</name>
    <cmt>03-OCT-18 2:47:55PM</cmt>
    <desc>03-OCT-18 2:47:55PM</desc>
    <sym>City (Small)</sym>
    <type>user</type>
    <extensions>
      <gpxx:WaypointExtension>
        <gpxx:DisplayMode>SymbolOnly</gpxx:DisplayMode>
      </gpxx:WaypointExtension>
      <wptx1:WaypointExtension>
        <wptx1:DisplayMode>SymbolOnly</wptx1:DisplayMode>
      </wptx1:WaypointExtension>
      <ctx:CreationTimeExtension>
        <ctx:CreationTime>2018-10-03T23:20:49Z</ctx:CreationTime>
      </ctx:CreationTimeExtension>
    </extensions>
  </wpt>
  <wpt lat="31.450098976492882" lon="-109.91319271735847">
    <ele>1666.951199999999972</ele>
    <time>2018-10-03T23:20:49Z</time>
    <name>Zac #142</name>
    <cmt>03-OCT-18 2:51:04PM</cmt>
    <desc>03-OCT-18 2:51:04PM</desc>
    <sym>City (Small)</sym>
    <type>user</type>
    <extensions>
      <gpxx:WaypointExtension>
        <gpxx:DisplayMode>SymbolOnly</gpxx:DisplayMode>
      </gpxx:WaypointExtension>
      <wptx1:WaypointExtension>
        <wptx1:DisplayMode>SymbolOnly</wptx1:DisplayMode>
      </wptx1:WaypointExtension>
      <ctx:CreationTimeExtension>
        <ctx:CreationTime>2018-10-03T23:20:49Z</ctx:CreationTime>
      </ctx:CreationTimeExtension>
    </extensions>
  </wpt>
  <wpt lat="31.450071316212416" lon="-109.913227837532759">
    <ele>1666.036800000000085</ele>
    <time>2018-10-03T23:20:49Z</time>
    <name>Zac #143</name>
    <cmt>03-OCT-18 2:52:21PM</cmt>
    <desc>03-OCT-18 2:52:21PM</desc>
    <sym>City (Small)</sym>
    <type>user</type>
    <extensions>
      <gpxx:WaypointExtension>
        <gpxx:DisplayMode>SymbolOnly</gpxx:DisplayMode>
      </gpxx:WaypointExtension>
      <wptx1:WaypointExtension>
        <wptx1:DisplayMode>SymbolOnly</wptx1:DisplayMode>
      </wptx1:WaypointExtension>
      <ctx:CreationTimeExtension>
        <ctx:CreationTime>2018-10-03T23:20:49Z</ctx:CreationTime>
      </ctx:CreationTimeExtension>
    </extensions>
  </wpt>
  <wpt lat="31.45215505734086" lon="-109.911499992012978">
    <ele>1711.451999999999998</ele>
    <time>2018-10-10T03:40:40Z</time>
    <name>Zac #144</name>
    <cmt>09-OCT-18 2:43:39PM</cmt>
    <desc>09-OCT-18 2:43:39PM</desc>
    <sym>City (Small)</sym>
    <type>user</type>
    <extensions>
      <gpxx:WaypointExtension>
        <gpxx:DisplayMode>SymbolOnly</gpxx:DisplayMode>
      </gpxx:WaypointExtension>
      <wptx1:WaypointExtension>
        <wptx1:DisplayMode>SymbolOnly</wptx1:DisplayMode>
      </wptx1:WaypointExtension>
      <ctx:CreationTimeExtension>
        <ctx:CreationTime>2018-10-10T03:40:40Z</ctx:CreationTime>
      </ctx:CreationTimeExtension>
    </extensions>
  </wpt>
  <wpt lat="31.452150363475084" lon="-109.911563359200954">
    <ele>1709.013599999999997</ele>
    <time>2018-10-10T03:40:40Z</time>
    <name>Zac #145</name>
    <cmt>09-OCT-18 2:46:37PM</cmt>
    <desc>09-OCT-18 2:46:37PM</desc>
    <sym>City (Small)</sym>
    <type>user</type>
    <extensions>
      <gpxx:WaypointExtension>
        <gpxx:DisplayMode>SymbolOnly</gpxx:DisplayMode>
      </gpxx:WaypointExtension>
      <wptx1:WaypointExtension>
        <wptx1:DisplayMode>SymbolOnly</wptx1:DisplayMode>
      </wptx1:WaypointExtension>
      <ctx:CreationTimeExtension>
        <ctx:CreationTime>2018-10-10T03:40:40Z</ctx:CreationTime>
      </ctx:CreationTimeExtension>
    </extensions>
  </wpt>
  <wpt lat="31.452072160318494" lon="-109.911811798810959">
    <ele>1700.784000000000106</ele>
    <time>2018-10-10T03:40:40Z</time>
    <name>Zac #146</name>
    <cmt>09-OCT-18 2:48:43PM</cmt>
    <desc>09-OCT-18 2:48:43PM</desc>
    <sym>City (Small)</sym>
    <type>user</type>
    <extensions>
      <gpxx:WaypointExtension>
        <gpxx:DisplayMode>SymbolOnly</gpxx:DisplayMode>
      </gpxx:WaypointExtension>
      <wptx1:WaypointExtension>
        <wptx1:DisplayMode>SymbolOnly</wptx1:DisplayMode>
      </wptx1:WaypointExtension>
      <ctx:CreationTimeExtension>
        <ctx:CreationTime>2018-10-10T03:40:40Z</ctx:CreationTime>
      </ctx:CreationTimeExtension>
    </extensions>
  </wpt>
  <wpt lat="31.452073585242033" lon="-109.911944903433323">
    <ele>1698.650399999999991</ele>
    <time>2018-10-10T03:40:40Z</time>
    <name>Zac #147</name>
    <cmt>09-OCT-18 2:50:09PM</cmt>
    <desc>09-OCT-18 2:50:09PM</desc>
    <sym>City (Small)</sym>
    <type>user</type>
    <extensions>
      <gpxx:WaypointExtension>
        <gpxx:DisplayMode>SymbolOnly</gpxx:DisplayMode>
      </gpxx:WaypointExtension>
      <wptx1:WaypointExtension>
        <wptx1:DisplayMode>SymbolOnly</wptx1:DisplayMode>
      </wptx1:WaypointExtension>
      <ctx:CreationTimeExtension>
        <ctx:CreationTime>2018-10-10T03:40:40Z</ctx:CreationTime>
      </ctx:CreationTimeExtension>
    </extensions>
  </wpt>
  <wpt lat="31.452033855021" lon="-109.912069123238325">
    <ele>1695.297600000000102</ele>
    <time>2018-10-10T03:40:40Z</time>
    <name>Zac #148</name>
    <cmt>09-OCT-18 2:52:09PM</cmt>
    <desc>09-OCT-18 2:52:09PM</desc>
    <sym>City (Small)</sym>
    <type>user</type>
    <extensions>
      <gpxx:WaypointExtension>
        <gpxx:DisplayMode>SymbolOnly</gpxx:DisplayMode>
      </gpxx:WaypointExtension>
      <wptx1:WaypointExtension>
        <wptx1:DisplayMode>SymbolOnly</wptx1:DisplayMode>
      </wptx1:WaypointExtension>
      <ctx:CreationTimeExtension>
        <ctx:CreationTime>2018-10-10T03:40:40Z</ctx:CreationTime>
      </ctx:CreationTimeExtension>
    </extensions>
  </wpt>
  <wpt lat="31.451976522803307" lon="-109.912117319181561">
    <ele>1693.163999999999987</ele>
    <time>2018-10-10T03:40:40Z</time>
    <name>Zac #149</name>
    <cmt>09-OCT-18 2:54:07PM</cmt>
    <desc>09-OCT-18 2:54:07PM</desc>
    <sym>City (Small)</sym>
    <type>user</type>
    <extensions>
      <gpxx:WaypointExtension>
        <gpxx:DisplayMode>SymbolOnly</gpxx:DisplayMode>
      </gpxx:WaypointExtension>
      <wptx1:WaypointExtension>
        <wptx1:DisplayMode>SymbolOnly</wptx1:DisplayMode>
      </wptx1:WaypointExtension>
      <ctx:CreationTimeExtension>
        <ctx:CreationTime>2018-10-10T03:40:40Z</ctx:CreationTime>
      </ctx:CreationTimeExtension>
    </extensions>
  </wpt>
  <wpt lat="31.452316995710135" lon="-109.917666474357247">
    <ele>1681.276800000000094</ele>
    <time>2018-09-22T01:33:37Z</time>
    <name>Zac #15</name>
    <cmt>02-SEP-18 11:45:51AM</cmt>
    <desc>02-SEP-18 11:45:51AM</desc>
    <sym>City (Small)</sym>
    <type>user</type>
    <extensions>
      <gpxx:WaypointExtension>
        <gpxx:DisplayMode>SymbolOnly</gpxx:DisplayMode>
      </gpxx:WaypointExtension>
      <wptx1:WaypointExtension>
        <wptx1:DisplayMode>SymbolOnly</wptx1:DisplayMode>
      </wptx1:WaypointExtension>
      <ctx:CreationTimeExtension>
        <ctx:CreationTime>2018-09-22T01:33:37Z</ctx:CreationTime>
      </ctx:CreationTimeExtension>
    </extensions>
  </wpt>
  <wpt lat="31.45196445286274" lon="-109.912199294194579">
    <ele>1690.725599999999986</ele>
    <time>2018-10-10T03:40:40Z</time>
    <name>Zac #150</name>
    <cmt>09-OCT-18 2:55:48PM</cmt>
    <desc>09-OCT-18 2:55:48PM</desc>
    <sym>City (Small)</sym>
    <type>user</type>
    <extensions>
      <gpxx:WaypointExtension>
        <gpxx:DisplayMode>SymbolOnly</gpxx:DisplayMode>
      </gpxx:WaypointExtension>
      <wptx1:WaypointExtension>
        <wptx1:DisplayMode>SymbolOnly</wptx1:DisplayMode>
      </wptx1:WaypointExtension>
      <ctx:CreationTimeExtension>
        <ctx:CreationTime>2018-10-10T03:40:40Z</ctx:CreationTime>
      </ctx:CreationTimeExtension>
    </extensions>
  </wpt>
  <wpt lat="31.451904522255063" lon="-109.912310773506761">
    <ele>1689.506399999999985</ele>
    <time>2018-10-10T03:40:40Z</time>
    <name>Zac #151</name>
    <cmt>09-OCT-18 2:57:10PM</cmt>
    <desc>09-OCT-18 2:57:10PM</desc>
    <sym>City (Small)</sym>
    <type>user</type>
    <extensions>
      <gpxx:WaypointExtension>
        <gpxx:DisplayMode>SymbolOnly</gpxx:DisplayMode>
      </gpxx:WaypointExtension>
      <wptx1:WaypointExtension>
        <wptx1:DisplayMode>SymbolOnly</wptx1:DisplayMode>
      </wptx1:WaypointExtension>
      <ctx:CreationTimeExtension>
        <ctx:CreationTime>2018-10-10T03:40:40Z</ctx:CreationTime>
      </ctx:CreationTimeExtension>
    </extensions>
  </wpt>
  <wpt lat="31.451884489506483" lon="-109.912350168451667">
    <ele>1688.287199999999984</ele>
    <time>2018-10-10T03:40:40Z</time>
    <name>Zac #152</name>
    <cmt>09-OCT-18 2:58:12PM</cmt>
    <desc>09-OCT-18 2:58:12PM</desc>
    <sym>City (Small)</sym>
    <type>user</type>
    <extensions>
      <gpxx:WaypointExtension>
        <gpxx:DisplayMode>SymbolOnly</gpxx:DisplayMode>
      </gpxx:WaypointExtension>
      <wptx1:WaypointExtension>
        <wptx1:DisplayMode>SymbolOnly</wptx1:DisplayMode>
      </wptx1:WaypointExtension>
      <ctx:CreationTimeExtension>
        <ctx:CreationTime>2018-10-10T03:40:40Z</ctx:CreationTime>
      </ctx:CreationTimeExtension>
    </extensions>
  </wpt>
  <wpt lat="31.45181936211884" lon="-109.912468688562512">
    <ele>1686.458399999999983</ele>
    <time>2018-10-10T03:40:40Z</time>
    <name>Zac #153</name>
    <cmt>09-OCT-18 3:00:00PM</cmt>
    <desc>09-OCT-18 3:00:00PM</desc>
    <sym>City (Small)</sym>
    <type>user</type>
    <extensions>
      <gpxx:WaypointExtension>
        <gpxx:DisplayMode>SymbolOnly</gpxx:DisplayMode>
      </gpxx:WaypointExtension>
      <wptx1:WaypointExtension>
        <wptx1:DisplayMode>SymbolOnly</wptx1:DisplayMode>
      </wptx1:WaypointExtension>
      <ctx:CreationTimeExtension>
        <ctx:CreationTime>2018-10-10T03:40:40Z</ctx:CreationTime>
      </ctx:CreationTimeExtension>
    </extensions>
  </wpt>
  <wpt lat="31.451838053762913" lon="-109.912530547007918">
    <ele>1685.848799999999983</ele>
    <time>2018-10-10T03:40:40Z</time>
    <name>Zac #154</name>
    <cmt>09-OCT-18 3:01:36PM</cmt>
    <desc>09-OCT-18 3:01:36PM</desc>
    <sym>City (Small)</sym>
    <type>user</type>
    <extensions>
      <gpxx:WaypointExtension>
        <gpxx:DisplayMode>SymbolOnly</gpxx:DisplayMode>
      </gpxx:WaypointExtension>
      <wptx1:WaypointExtension>
        <wptx1:DisplayMode>SymbolOnly</wptx1:DisplayMode>
      </wptx1:WaypointExtension>
      <ctx:CreationTimeExtension>
        <ctx:CreationTime>2018-10-10T03:40:40Z</ctx:CreationTime>
      </ctx:CreationTimeExtension>
    </extensions>
  </wpt>
  <wpt lat="31.451792204752564" lon="-109.912746297195554">
    <ele>1682.191199999999981</ele>
    <time>2018-10-10T03:40:40Z</time>
    <name>Zac #155</name>
    <cmt>09-OCT-18 3:04:06PM</cmt>
    <desc>09-OCT-18 3:04:06PM</desc>
    <sym>City (Small)</sym>
    <type>user</type>
    <extensions>
      <gpxx:WaypointExtension>
        <gpxx:DisplayMode>SymbolOnly</gpxx:DisplayMode>
      </gpxx:WaypointExtension>
      <wptx1:WaypointExtension>
        <wptx1:DisplayMode>SymbolOnly</wptx1:DisplayMode>
      </wptx1:WaypointExtension>
      <ctx:CreationTimeExtension>
        <ctx:CreationTime>2018-10-10T03:40:40Z</ctx:CreationTime>
      </ctx:CreationTimeExtension>
    </extensions>
  </wpt>
  <wpt lat="31.451581735163927" lon="-109.913037568330765">
    <ele>1677.314399999999978</ele>
    <time>2018-10-10T03:40:40Z</time>
    <name>Zac #156</name>
    <cmt>09-OCT-18 3:06:50PM</cmt>
    <desc>09-OCT-18 3:06:50PM</desc>
    <sym>City (Small)</sym>
    <type>user</type>
    <extensions>
      <gpxx:WaypointExtension>
        <gpxx:DisplayMode>SymbolOnly</gpxx:DisplayMode>
      </gpxx:WaypointExtension>
      <wptx1:WaypointExtension>
        <wptx1:DisplayMode>SymbolOnly</wptx1:DisplayMode>
      </wptx1:WaypointExtension>
      <ctx:CreationTimeExtension>
        <ctx:CreationTime>2018-10-10T03:40:40Z</ctx:CreationTime>
      </ctx:CreationTimeExtension>
    </extensions>
  </wpt>
  <wpt lat="31.451425664126873" lon="-109.913268322125077">
    <ele>1673.656799999999976</ele>
    <time>2018-10-10T03:40:40Z</time>
    <name>Zac #157</name>
    <cmt>09-OCT-18 3:10:14PM</cmt>
    <desc>09-OCT-18 3:10:14PM</desc>
    <sym>City (Small)</sym>
    <type>user</type>
    <extensions>
      <gpxx:WaypointExtension>
        <gpxx:DisplayMode>SymbolOnly</gpxx:DisplayMode>
      </gpxx:WaypointExtension>
      <wptx1:WaypointExtension>
        <wptx1:DisplayMode>SymbolOnly</wptx1:DisplayMode>
      </wptx1:WaypointExtension>
      <ctx:CreationTimeExtension>
        <ctx:CreationTime>2018-10-10T03:40:40Z</ctx:CreationTime>
      </ctx:CreationTimeExtension>
    </extensions>
  </wpt>
  <wpt lat="31.45166102796793" lon="-109.913169331848621">
    <ele>1673.961600000000089</ele>
    <time>2018-10-10T03:40:40Z</time>
    <name>Zac #158</name>
    <cmt>09-OCT-18 3:13:27PM</cmt>
    <desc>09-OCT-18 3:13:27PM</desc>
    <sym>City (Small)</sym>
    <type>user</type>
    <extensions>
      <gpxx:WaypointExtension>
        <gpxx:DisplayMode>SymbolOnly</gpxx:DisplayMode>
      </gpxx:WaypointExtension>
      <wptx1:WaypointExtension>
        <wptx1:DisplayMode>SymbolOnly</wptx1:DisplayMode>
      </wptx1:WaypointExtension>
      <ctx:CreationTimeExtension>
        <ctx:CreationTime>2018-10-10T03:40:40Z</ctx:CreationTime>
      </ctx:CreationTimeExtension>
    </extensions>
  </wpt>
  <wpt lat="31.451743254438043" lon="-109.91307444870472">
    <ele>1673.656799999999976</ele>
    <time>2018-10-10T03:40:40Z</time>
    <name>Zac #159</name>
    <cmt>09-OCT-18 3:15:47PM</cmt>
    <desc>09-OCT-18 3:15:47PM</desc>
    <sym>City (Small)</sym>
    <type>user</type>
    <extensions>
      <gpxx:WaypointExtension>
        <gpxx:DisplayMode>SymbolOnly</gpxx:DisplayMode>
      </gpxx:WaypointExtension>
      <wptx1:WaypointExtension>
        <wptx1:DisplayMode>SymbolOnly</wptx1:DisplayMode>
      </wptx1:WaypointExtension>
      <ctx:CreationTimeExtension>
        <ctx:CreationTime>2018-10-10T03:40:40Z</ctx:CreationTime>
      </ctx:CreationTimeExtension>
    </extensions>
  </wpt>
  <wpt lat="31.452260166406631" lon="-109.917919188737869">
    <ele>1687.982400000000098</ele>
    <time>2018-09-22T01:33:37Z</time>
    <name>Zac #16</name>
    <cmt>02-SEP-18 11:48:11AM</cmt>
    <desc>02-SEP-18 11:48:11AM</desc>
    <sym>City (Small)</sym>
    <type>user</type>
    <extensions>
      <gpxx:WaypointExtension>
        <gpxx:DisplayMode>SymbolOnly</gpxx:DisplayMode>
      </gpxx:WaypointExtension>
      <wptx1:WaypointExtension>
        <wptx1:DisplayMode>SymbolOnly</wptx1:DisplayMode>
      </wptx1:WaypointExtension>
      <ctx:CreationTimeExtension>
        <ctx:CreationTime>2018-09-22T01:33:37Z</ctx:CreationTime>
      </ctx:CreationTimeExtension>
    </extensions>
  </wpt>
  <wpt lat="31.451837299391627" lon="-109.913042346015573">
    <ele>1674.875999999999976</ele>
    <time>2018-10-10T03:40:40Z</time>
    <name>Zac #160</name>
    <cmt>09-OCT-18 3:17:04PM</cmt>
    <desc>09-OCT-18 3:17:04PM</desc>
    <sym>City (Small)</sym>
    <type>user</type>
    <extensions>
      <gpxx:WaypointExtension>
        <gpxx:DisplayMode>SymbolOnly</gpxx:DisplayMode>
      </gpxx:WaypointExtension>
      <wptx1:WaypointExtension>
        <wptx1:DisplayMode>SymbolOnly</wptx1:DisplayMode>
      </wptx1:WaypointExtension>
      <ctx:CreationTimeExtension>
        <ctx:CreationTime>2018-10-10T03:40:40Z</ctx:CreationTime>
      </ctx:CreationTimeExtension>
    </extensions>
  </wpt>
  <wpt lat="31.452001417055726" lon="-109.912999011576176">
    <ele>1680.36239999999998</ele>
    <time>2018-10-10T03:40:40Z</time>
    <name>Zac #161</name>
    <cmt>09-OCT-18 3:19:57PM</cmt>
    <desc>09-OCT-18 3:19:57PM</desc>
    <sym>City (Small)</sym>
    <type>user</type>
    <extensions>
      <gpxx:WaypointExtension>
        <gpxx:DisplayMode>SymbolOnly</gpxx:DisplayMode>
      </gpxx:WaypointExtension>
      <wptx1:WaypointExtension>
        <wptx1:DisplayMode>SymbolOnly</wptx1:DisplayMode>
      </wptx1:WaypointExtension>
      <ctx:CreationTimeExtension>
        <ctx:CreationTime>2018-10-10T03:40:40Z</ctx:CreationTime>
      </ctx:CreationTimeExtension>
    </extensions>
  </wpt>
  <wpt lat="31.452211132273078" lon="-109.91303245536983">
    <ele>1681.276800000000094</ele>
    <time>2018-10-10T03:40:40Z</time>
    <name>Zac #162</name>
    <cmt>09-OCT-18 3:22:07PM</cmt>
    <desc>09-OCT-18 3:22:07PM</desc>
    <sym>City (Small)</sym>
    <type>user</type>
    <extensions>
      <gpxx:WaypointExtension>
        <gpxx:DisplayMode>SymbolOnly</gpxx:DisplayMode>
      </gpxx:WaypointExtension>
      <wptx1:WaypointExtension>
        <wptx1:DisplayMode>SymbolOnly</wptx1:DisplayMode>
      </wptx1:WaypointExtension>
      <ctx:CreationTimeExtension>
        <ctx:CreationTime>2018-10-10T03:40:40Z</ctx:CreationTime>
      </ctx:CreationTimeExtension>
    </extensions>
  </wpt>
  <wpt lat="31.452315989881754" lon="-109.913154328241944">
    <ele>1685.239199999999983</ele>
    <time>2018-10-10T03:40:40Z</time>
    <name>Zac #163</name>
    <cmt>09-OCT-18 3:24:06PM</cmt>
    <desc>09-OCT-18 3:24:06PM</desc>
    <sym>City (Small)</sym>
    <type>user</type>
    <extensions>
      <gpxx:WaypointExtension>
        <gpxx:DisplayMode>SymbolOnly</gpxx:DisplayMode>
      </gpxx:WaypointExtension>
      <wptx1:WaypointExtension>
        <wptx1:DisplayMode>SymbolOnly</wptx1:DisplayMode>
      </wptx1:WaypointExtension>
      <ctx:CreationTimeExtension>
        <ctx:CreationTime>2018-10-10T03:40:40Z</ctx:CreationTime>
      </ctx:CreationTimeExtension>
    </extensions>
  </wpt>
  <wpt lat="31.452365862205625" lon="-109.913128679618239">
    <ele>1684.934400000000096</ele>
    <time>2018-10-10T03:40:40Z</time>
    <name>Zac #164</name>
    <cmt>09-OCT-18 3:25:19PM</cmt>
    <desc>09-OCT-18 3:25:19PM</desc>
    <sym>City (Small)</sym>
    <type>user</type>
    <extensions>
      <gpxx:WaypointExtension>
        <gpxx:DisplayMode>SymbolOnly</gpxx:DisplayMode>
      </gpxx:WaypointExtension>
      <wptx1:WaypointExtension>
        <wptx1:DisplayMode>SymbolOnly</wptx1:DisplayMode>
      </wptx1:WaypointExtension>
      <ctx:CreationTimeExtension>
        <ctx:CreationTime>2018-10-10T03:40:40Z</ctx:CreationTime>
      </ctx:CreationTimeExtension>
    </extensions>
  </wpt>
  <wpt lat="31.452416907995939" lon="-109.913076795637608">
    <ele>1687.067999999999984</ele>
    <time>2018-10-10T03:40:40Z</time>
    <name>Zac #165</name>
    <cmt>09-OCT-18 3:26:20PM</cmt>
    <desc>09-OCT-18 3:26:20PM</desc>
    <sym>City (Small)</sym>
    <type>user</type>
    <extensions>
      <gpxx:WaypointExtension>
        <gpxx:DisplayMode>SymbolOnly</gpxx:DisplayMode>
      </gpxx:WaypointExtension>
      <wptx1:WaypointExtension>
        <wptx1:DisplayMode>SymbolOnly</wptx1:DisplayMode>
      </wptx1:WaypointExtension>
      <ctx:CreationTimeExtension>
        <ctx:CreationTime>2018-10-10T03:40:40Z</ctx:CreationTime>
      </ctx:CreationTimeExtension>
    </extensions>
  </wpt>
  <wpt lat="31.45269937813282" lon="-109.912939332425594">
    <ele>1690.725599999999986</ele>
    <time>2018-10-10T03:40:40Z</time>
    <name>Zac #166</name>
    <cmt>09-OCT-18 3:27:48PM</cmt>
    <desc>09-OCT-18 3:27:48PM</desc>
    <sym>City (Small)</sym>
    <type>user</type>
    <extensions>
      <gpxx:WaypointExtension>
        <gpxx:DisplayMode>SymbolOnly</gpxx:DisplayMode>
      </gpxx:WaypointExtension>
      <wptx1:WaypointExtension>
        <wptx1:DisplayMode>SymbolOnly</wptx1:DisplayMode>
      </wptx1:WaypointExtension>
      <ctx:CreationTimeExtension>
        <ctx:CreationTime>2018-10-10T03:40:40Z</ctx:CreationTime>
      </ctx:CreationTimeExtension>
    </extensions>
  </wpt>
  <wpt lat="31.452762661501765" lon="-109.912943607196212">
    <ele>1689.506399999999985</ele>
    <time>2018-10-10T03:40:40Z</time>
    <name>Zac #167</name>
    <cmt>09-OCT-18 3:29:16PM</cmt>
    <desc>09-OCT-18 3:29:16PM</desc>
    <sym>City (Small)</sym>
    <type>user</type>
    <extensions>
      <gpxx:WaypointExtension>
        <gpxx:DisplayMode>SymbolOnly</gpxx:DisplayMode>
      </gpxx:WaypointExtension>
      <wptx1:WaypointExtension>
        <wptx1:DisplayMode>SymbolOnly</wptx1:DisplayMode>
      </wptx1:WaypointExtension>
      <ctx:CreationTimeExtension>
        <ctx:CreationTime>2018-10-10T03:40:40Z</ctx:CreationTime>
      </ctx:CreationTimeExtension>
    </extensions>
  </wpt>
  <wpt lat="31.453048819676042" lon="-109.912989288568497">
    <ele>1692.2496000000001</ele>
    <time>2018-10-10T03:40:40Z</time>
    <name>Zac #168</name>
    <cmt>09-OCT-18 3:30:29PM</cmt>
    <desc>09-OCT-18 3:30:29PM</desc>
    <sym>City (Small)</sym>
    <type>user</type>
    <extensions>
      <gpxx:WaypointExtension>
        <gpxx:DisplayMode>SymbolOnly</gpxx:DisplayMode>
      </gpxx:WaypointExtension>
      <wptx1:WaypointExtension>
        <wptx1:DisplayMode>SymbolOnly</wptx1:DisplayMode>
      </wptx1:WaypointExtension>
      <ctx:CreationTimeExtension>
        <ctx:CreationTime>2018-10-10T03:40:40Z</ctx:CreationTime>
      </ctx:CreationTimeExtension>
    </extensions>
  </wpt>
  <wpt lat="31.45318116992712" lon="-109.912941008806229">
    <ele>1692.859200000000101</ele>
    <time>2018-10-10T03:40:40Z</time>
    <name>Zac #169</name>
    <cmt>09-OCT-18 3:32:32PM</cmt>
    <desc>09-OCT-18 3:32:32PM</desc>
    <sym>City (Small)</sym>
    <type>user</type>
    <extensions>
      <gpxx:WaypointExtension>
        <gpxx:DisplayMode>SymbolOnly</gpxx:DisplayMode>
      </gpxx:WaypointExtension>
      <wptx1:WaypointExtension>
        <wptx1:DisplayMode>SymbolOnly</wptx1:DisplayMode>
      </wptx1:WaypointExtension>
      <ctx:CreationTimeExtension>
        <ctx:CreationTime>2018-10-10T03:40:40Z</ctx:CreationTime>
      </ctx:CreationTimeExtension>
    </extensions>
  </wpt>
  <wpt lat="31.452201576903462" lon="-109.91794265806675">
    <ele>1689.506399999999985</ele>
    <time>2018-09-22T01:33:37Z</time>
    <name>Zac #17</name>
    <cmt>02-SEP-18 11:49:28AM</cmt>
    <desc>02-SEP-18 11:49:28AM</desc>
    <sym>City (Small)</sym>
    <type>user</type>
    <extensions>
      <gpxx:WaypointExtension>
        <gpxx:DisplayMode>SymbolOnly</gpxx:DisplayMode>
      </gpxx:WaypointExtension>
      <wptx1:WaypointExtension>
        <wptx1:DisplayMode>SymbolOnly</wptx1:DisplayMode>
      </wptx1:WaypointExtension>
      <ctx:CreationTimeExtension>
        <ctx:CreationTime>2018-09-22T01:33:37Z</ctx:CreationTime>
      </ctx:CreationTimeExtension>
    </extensions>
  </wpt>
  <wpt lat="31.453330283984542" lon="-109.912947798147798">
    <ele>1695.297600000000102</ele>
    <time>2018-10-10T03:40:40Z</time>
    <name>Zac #170</name>
    <cmt>09-OCT-18 3:33:54PM</cmt>
    <desc>09-OCT-18 3:33:54PM</desc>
    <sym>City (Small)</sym>
    <type>user</type>
    <extensions>
      <gpxx:WaypointExtension>
        <gpxx:DisplayMode>SymbolOnly</gpxx:DisplayMode>
      </gpxx:WaypointExtension>
      <wptx1:WaypointExtension>
        <wptx1:DisplayMode>SymbolOnly</wptx1:DisplayMode>
      </wptx1:WaypointExtension>
      <ctx:CreationTimeExtension>
        <ctx:CreationTime>2018-10-10T03:40:40Z</ctx:CreationTime>
      </ctx:CreationTimeExtension>
    </extensions>
  </wpt>
  <wpt lat="31.453436315059662" lon="-109.912858111783862">
    <ele>1694.688000000000102</ele>
    <time>2018-10-10T03:40:40Z</time>
    <name>Zac #171</name>
    <cmt>09-OCT-18 3:35:20PM</cmt>
    <desc>09-OCT-18 3:35:20PM</desc>
    <sym>City (Small)</sym>
    <type>user</type>
    <extensions>
      <gpxx:WaypointExtension>
        <gpxx:DisplayMode>SymbolOnly</gpxx:DisplayMode>
      </gpxx:WaypointExtension>
      <wptx1:WaypointExtension>
        <wptx1:DisplayMode>SymbolOnly</wptx1:DisplayMode>
      </wptx1:WaypointExtension>
      <ctx:CreationTimeExtension>
        <ctx:CreationTime>2018-10-10T03:40:40Z</ctx:CreationTime>
      </ctx:CreationTimeExtension>
    </extensions>
  </wpt>
  <wpt lat="31.453639827668667" lon="-109.912739591673017">
    <ele>1698.04079999999999</ele>
    <time>2018-10-10T03:40:40Z</time>
    <name>Zac #172</name>
    <cmt>09-OCT-18 3:37:08PM</cmt>
    <desc>09-OCT-18 3:37:08PM</desc>
    <sym>City (Small)</sym>
    <type>user</type>
    <extensions>
      <gpxx:WaypointExtension>
        <gpxx:DisplayMode>SymbolOnly</gpxx:DisplayMode>
      </gpxx:WaypointExtension>
      <wptx1:WaypointExtension>
        <wptx1:DisplayMode>SymbolOnly</wptx1:DisplayMode>
      </wptx1:WaypointExtension>
      <ctx:CreationTimeExtension>
        <ctx:CreationTime>2018-10-10T03:40:40Z</ctx:CreationTime>
      </ctx:CreationTimeExtension>
    </extensions>
  </wpt>
  <wpt lat="31.453656256198883" lon="-109.912628699094057">
    <ele>1703.222400000000107</ele>
    <time>2018-10-10T03:40:40Z</time>
    <name>Zac #173</name>
    <cmt>09-OCT-18 3:40:16PM</cmt>
    <desc>09-OCT-18 3:40:16PM</desc>
    <sym>City (Small)</sym>
    <type>user</type>
    <extensions>
      <gpxx:WaypointExtension>
        <gpxx:DisplayMode>SymbolOnly</gpxx:DisplayMode>
      </gpxx:WaypointExtension>
      <wptx1:WaypointExtension>
        <wptx1:DisplayMode>SymbolOnly</wptx1:DisplayMode>
      </wptx1:WaypointExtension>
      <ctx:CreationTimeExtension>
        <ctx:CreationTime>2018-10-10T03:40:40Z</ctx:CreationTime>
      </ctx:CreationTimeExtension>
    </extensions>
  </wpt>
  <wpt lat="31.453722640872002" lon="-109.912505149841309">
    <ele>1704.136799999999994</ele>
    <time>2018-10-10T03:40:40Z</time>
    <name>Zac #174</name>
    <cmt>09-OCT-18 3:42:04PM</cmt>
    <desc>09-OCT-18 3:42:04PM</desc>
    <sym>City (Small)</sym>
    <type>user</type>
    <extensions>
      <gpxx:WaypointExtension>
        <gpxx:DisplayMode>SymbolOnly</gpxx:DisplayMode>
      </gpxx:WaypointExtension>
      <wptx1:WaypointExtension>
        <wptx1:DisplayMode>SymbolOnly</wptx1:DisplayMode>
      </wptx1:WaypointExtension>
      <ctx:CreationTimeExtension>
        <ctx:CreationTime>2018-10-10T03:40:40Z</ctx:CreationTime>
      </ctx:CreationTimeExtension>
    </extensions>
  </wpt>
  <wpt lat="31.453873598948121" lon="-109.912441782653332">
    <ele>1705.051200000000108</ele>
    <time>2018-10-10T03:40:40Z</time>
    <name>Zac #175</name>
    <cmt>09-OCT-18 3:45:22PM</cmt>
    <desc>09-OCT-18 3:45:22PM</desc>
    <sym>City (Small)</sym>
    <type>user</type>
    <extensions>
      <gpxx:WaypointExtension>
        <gpxx:DisplayMode>SymbolOnly</gpxx:DisplayMode>
      </gpxx:WaypointExtension>
      <wptx1:WaypointExtension>
        <wptx1:DisplayMode>SymbolOnly</wptx1:DisplayMode>
      </wptx1:WaypointExtension>
      <ctx:CreationTimeExtension>
        <ctx:CreationTime>2018-10-10T03:40:40Z</ctx:CreationTime>
      </ctx:CreationTimeExtension>
    </extensions>
  </wpt>
  <wpt lat="31.453956915065646" lon="-109.912305576726794">
    <ele>1707.794399999999996</ele>
    <time>2018-10-10T03:40:40Z</time>
    <name>Zac #176</name>
    <cmt>09-OCT-18 3:46:52PM</cmt>
    <desc>09-OCT-18 3:46:52PM</desc>
    <sym>City (Small)</sym>
    <type>user</type>
    <extensions>
      <gpxx:WaypointExtension>
        <gpxx:DisplayMode>SymbolOnly</gpxx:DisplayMode>
      </gpxx:WaypointExtension>
      <wptx1:WaypointExtension>
        <wptx1:DisplayMode>SymbolOnly</wptx1:DisplayMode>
      </wptx1:WaypointExtension>
      <ctx:CreationTimeExtension>
        <ctx:CreationTime>2018-10-10T03:40:40Z</ctx:CreationTime>
      </ctx:CreationTimeExtension>
    </extensions>
  </wpt>
  <wpt lat="31.45406361669302" lon="-109.912244137376547">
    <ele>1709.928000000000111</ele>
    <time>2018-10-10T03:40:40Z</time>
    <name>Zac #177</name>
    <cmt>09-OCT-18 3:50:02PM</cmt>
    <desc>09-OCT-18 3:50:02PM</desc>
    <sym>City (Small)</sym>
    <type>user</type>
    <extensions>
      <gpxx:WaypointExtension>
        <gpxx:DisplayMode>SymbolOnly</gpxx:DisplayMode>
      </gpxx:WaypointExtension>
      <wptx1:WaypointExtension>
        <wptx1:DisplayMode>SymbolOnly</wptx1:DisplayMode>
      </wptx1:WaypointExtension>
      <ctx:CreationTimeExtension>
        <ctx:CreationTime>2018-10-10T03:40:40Z</ctx:CreationTime>
      </ctx:CreationTimeExtension>
    </extensions>
  </wpt>
  <wpt lat="31.454114411026239" lon="-109.912216728553176">
    <ele>1710.232799999999997</ele>
    <time>2018-10-10T03:40:40Z</time>
    <name>Zac #178</name>
    <cmt>09-OCT-18 3:51:02PM</cmt>
    <desc>09-OCT-18 3:51:02PM</desc>
    <sym>City (Small)</sym>
    <type>user</type>
    <extensions>
      <gpxx:WaypointExtension>
        <gpxx:DisplayMode>SymbolOnly</gpxx:DisplayMode>
      </gpxx:WaypointExtension>
      <wptx1:WaypointExtension>
        <wptx1:DisplayMode>SymbolOnly</wptx1:DisplayMode>
      </wptx1:WaypointExtension>
      <ctx:CreationTimeExtension>
        <ctx:CreationTime>2018-10-10T03:40:40Z</ctx:CreationTime>
      </ctx:CreationTimeExtension>
    </extensions>
  </wpt>
  <wpt lat="31.454338375478983" lon="-109.912076750770211">
    <ele>1714.5</ele>
    <time>2018-10-10T03:40:40Z</time>
    <name>Zac #179</name>
    <cmt>09-OCT-18 3:54:32PM</cmt>
    <desc>09-OCT-18 3:54:32PM</desc>
    <sym>City (Small)</sym>
    <type>user</type>
    <extensions>
      <gpxx:WaypointExtension>
        <gpxx:DisplayMode>SymbolOnly</gpxx:DisplayMode>
      </gpxx:WaypointExtension>
      <wptx1:WaypointExtension>
        <wptx1:DisplayMode>SymbolOnly</wptx1:DisplayMode>
      </wptx1:WaypointExtension>
      <ctx:CreationTimeExtension>
        <ctx:CreationTime>2018-10-10T03:40:40Z</ctx:CreationTime>
      </ctx:CreationTimeExtension>
    </extensions>
  </wpt>
  <wpt lat="31.453046556562185" lon="-109.916774304583669">
    <ele>1666.646400000000085</ele>
    <time>2018-09-22T01:33:37Z</time>
    <name>Zac #18</name>
    <cmt>02-SEP-18 11:59:37AM</cmt>
    <desc>02-SEP-18 11:59:37AM</desc>
    <sym>City (Small)</sym>
    <type>user</type>
    <extensions>
      <gpxx:WaypointExtension>
        <gpxx:DisplayMode>SymbolOnly</gpxx:DisplayMode>
      </gpxx:WaypointExtension>
      <wptx1:WaypointExtension>
        <wptx1:DisplayMode>SymbolOnly</wptx1:DisplayMode>
      </wptx1:WaypointExtension>
      <ctx:CreationTimeExtension>
        <ctx:CreationTime>2018-09-22T01:33:37Z</ctx:CreationTime>
      </ctx:CreationTimeExtension>
    </extensions>
  </wpt>
  <wpt lat="31.454420685768127" lon="-109.91197113879025">
    <ele>1716.328800000000001</ele>
    <time>2018-10-10T03:40:40Z</time>
    <name>Zac #180</name>
    <cmt>09-OCT-18 3:55:57PM</cmt>
    <desc>09-OCT-18 3:55:57PM</desc>
    <sym>City (Small)</sym>
    <type>user</type>
    <extensions>
      <gpxx:WaypointExtension>
        <gpxx:DisplayMode>SymbolOnly</gpxx:DisplayMode>
      </gpxx:WaypointExtension>
      <wptx1:WaypointExtension>
        <wptx1:DisplayMode>SymbolOnly</wptx1:DisplayMode>
      </wptx1:WaypointExtension>
      <ctx:CreationTimeExtension>
        <ctx:CreationTime>2018-10-10T03:40:40Z</ctx:CreationTime>
      </ctx:CreationTimeExtension>
    </extensions>
  </wpt>
  <wpt lat="31.454517329111695" lon="-109.911864353343844">
    <ele>1720.900800000000118</ele>
    <time>2018-10-10T03:40:40Z</time>
    <name>Zac #181</name>
    <cmt>09-OCT-18 3:57:54PM</cmt>
    <desc>09-OCT-18 3:57:54PM</desc>
    <sym>City (Small)</sym>
    <type>user</type>
    <extensions>
      <gpxx:WaypointExtension>
        <gpxx:DisplayMode>SymbolOnly</gpxx:DisplayMode>
      </gpxx:WaypointExtension>
      <wptx1:WaypointExtension>
        <wptx1:DisplayMode>SymbolOnly</wptx1:DisplayMode>
      </wptx1:WaypointExtension>
      <ctx:CreationTimeExtension>
        <ctx:CreationTime>2018-10-10T03:40:40Z</ctx:CreationTime>
      </ctx:CreationTimeExtension>
    </extensions>
  </wpt>
  <wpt lat="31.454705083742738" lon="-109.91173074580729">
    <ele>1725.77760000000012</ele>
    <time>2018-10-10T03:40:40Z</time>
    <name>Zac #182</name>
    <cmt>09-OCT-18 4:00:00PM</cmt>
    <desc>09-OCT-18 4:00:00PM</desc>
    <sym>City (Small)</sym>
    <type>user</type>
    <extensions>
      <gpxx:WaypointExtension>
        <gpxx:DisplayMode>SymbolOnly</gpxx:DisplayMode>
      </gpxx:WaypointExtension>
      <wptx1:WaypointExtension>
        <wptx1:DisplayMode>SymbolOnly</wptx1:DisplayMode>
      </wptx1:WaypointExtension>
      <ctx:CreationTimeExtension>
        <ctx:CreationTime>2018-10-10T03:40:40Z</ctx:CreationTime>
      </ctx:CreationTimeExtension>
    </extensions>
  </wpt>
  <wpt lat="31.455570599064231" lon="-109.917321307584643">
    <ele>1703.222400000000107</ele>
    <time>2018-10-21T22:40:19Z</time>
    <name>Zac #183</name>
    <cmt>21-OCT-18 10:23:57AM</cmt>
    <desc>21-OCT-18 10:23:57AM</desc>
    <sym>City (Small)</sym>
    <type>user</type>
    <extensions>
      <gpxx:WaypointExtension>
        <gpxx:DisplayMode>SymbolOnly</gpxx:DisplayMode>
      </gpxx:WaypointExtension>
      <wptx1:WaypointExtension>
        <wptx1:DisplayMode>SymbolOnly</wptx1:DisplayMode>
      </wptx1:WaypointExtension>
      <ctx:CreationTimeExtension>
        <ctx:CreationTime>2018-10-21T22:40:19Z</ctx:CreationTime>
      </ctx:CreationTimeExtension>
    </extensions>
  </wpt>
  <wpt lat="31.455729100853205" lon="-109.917229693382978">
    <ele>1705.965599999999995</ele>
    <time>2018-10-21T22:40:19Z</time>
    <name>Zac #184</name>
    <cmt>21-OCT-18 10:26:51AM</cmt>
    <desc>21-OCT-18 10:26:51AM</desc>
    <sym>City (Small)</sym>
    <type>user</type>
    <extensions>
      <gpxx:WaypointExtension>
        <gpxx:DisplayMode>SymbolOnly</gpxx:DisplayMode>
      </gpxx:WaypointExtension>
      <wptx1:WaypointExtension>
        <wptx1:DisplayMode>SymbolOnly</wptx1:DisplayMode>
      </wptx1:WaypointExtension>
      <ctx:CreationTimeExtension>
        <ctx:CreationTime>2018-10-21T22:40:19Z</ctx:CreationTime>
      </ctx:CreationTimeExtension>
    </extensions>
  </wpt>
  <wpt lat="31.455811494961381" lon="-109.91706314496696">
    <ele>1708.70880000000011</ele>
    <time>2018-10-21T22:40:19Z</time>
    <name>Zac #185</name>
    <cmt>21-OCT-18 10:30:52AM</cmt>
    <desc>21-OCT-18 10:30:52AM</desc>
    <sym>City (Small)</sym>
    <type>user</type>
    <extensions>
      <gpxx:WaypointExtension>
        <gpxx:DisplayMode>SymbolOnly</gpxx:DisplayMode>
      </gpxx:WaypointExtension>
      <wptx1:WaypointExtension>
        <wptx1:DisplayMode>SymbolOnly</wptx1:DisplayMode>
      </wptx1:WaypointExtension>
      <ctx:CreationTimeExtension>
        <ctx:CreationTime>2018-10-21T22:40:19Z</ctx:CreationTime>
      </ctx:CreationTimeExtension>
    </extensions>
  </wpt>
  <wpt lat="31.455817613750696" lon="-109.916924005374312">
    <ele>1708.70880000000011</ele>
    <time>2018-10-21T22:40:19Z</time>
    <name>Zac #186</name>
    <cmt>21-OCT-18 10:31:33AM</cmt>
    <desc>21-OCT-18 10:31:33AM</desc>
    <sym>City (Small)</sym>
    <type>user</type>
    <extensions>
      <gpxx:WaypointExtension>
        <gpxx:DisplayMode>SymbolOnly</gpxx:DisplayMode>
      </gpxx:WaypointExtension>
      <wptx1:WaypointExtension>
        <wptx1:DisplayMode>SymbolOnly</wptx1:DisplayMode>
      </wptx1:WaypointExtension>
      <ctx:CreationTimeExtension>
        <ctx:CreationTime>2018-10-21T22:40:19Z</ctx:CreationTime>
      </ctx:CreationTimeExtension>
    </extensions>
  </wpt>
  <wpt lat="31.45589598454535" lon="-109.916788972914219">
    <ele>1710.842399999999998</ele>
    <time>2018-10-21T22:40:19Z</time>
    <name>Zac #187</name>
    <cmt>21-OCT-18 10:35:11AM</cmt>
    <desc>21-OCT-18 10:35:11AM</desc>
    <sym>City (Small)</sym>
    <type>user</type>
    <extensions>
      <gpxx:WaypointExtension>
        <gpxx:DisplayMode>SymbolOnly</gpxx:DisplayMode>
      </gpxx:WaypointExtension>
      <wptx1:WaypointExtension>
        <wptx1:DisplayMode>SymbolOnly</wptx1:DisplayMode>
      </wptx1:WaypointExtension>
      <ctx:CreationTimeExtension>
        <ctx:CreationTime>2018-10-21T22:40:19Z</ctx:CreationTime>
      </ctx:CreationTimeExtension>
    </extensions>
  </wpt>
  <wpt lat="31.455944683402777" lon="-109.916763072833419">
    <ele>1713.280799999999999</ele>
    <time>2018-10-21T22:40:19Z</time>
    <name>Zac #188</name>
    <cmt>21-OCT-18 10:41:59AM</cmt>
    <desc>21-OCT-18 10:41:59AM</desc>
    <sym>City (Small)</sym>
    <type>user</type>
    <extensions>
      <gpxx:WaypointExtension>
        <gpxx:DisplayMode>SymbolOnly</gpxx:DisplayMode>
      </gpxx:WaypointExtension>
      <wptx1:WaypointExtension>
        <wptx1:DisplayMode>SymbolOnly</wptx1:DisplayMode>
      </wptx1:WaypointExtension>
      <ctx:CreationTimeExtension>
        <ctx:CreationTime>2018-10-21T22:40:19Z</ctx:CreationTime>
      </ctx:CreationTimeExtension>
    </extensions>
  </wpt>
  <wpt lat="31.45603378303349" lon="-109.916615718975663">
    <ele>1716.938400000000001</ele>
    <time>2018-10-21T22:40:19Z</time>
    <name>Zac #189</name>
    <cmt>21-OCT-18 10:44:56AM</cmt>
    <desc>21-OCT-18 10:44:56AM</desc>
    <sym>City (Small)</sym>
    <type>user</type>
    <extensions>
      <gpxx:WaypointExtension>
        <gpxx:DisplayMode>SymbolOnly</gpxx:DisplayMode>
      </gpxx:WaypointExtension>
      <wptx1:WaypointExtension>
        <wptx1:DisplayMode>SymbolOnly</wptx1:DisplayMode>
      </wptx1:WaypointExtension>
      <ctx:CreationTimeExtension>
        <ctx:CreationTime>2018-10-21T22:40:19Z</ctx:CreationTime>
      </ctx:CreationTimeExtension>
    </extensions>
  </wpt>
  <wpt lat="31.45308930426836" lon="-109.916761312633753">
    <ele>1669.694400000000087</ele>
    <time>2018-09-22T01:33:37Z</time>
    <name>Zac #19</name>
    <cmt>02-SEP-18 12:00:42PM</cmt>
    <desc>02-SEP-18 12:00:42PM</desc>
    <sym>City (Small)</sym>
    <type>user</type>
    <extensions>
      <gpxx:WaypointExtension>
        <gpxx:DisplayMode>SymbolOnly</gpxx:DisplayMode>
      </gpxx:WaypointExtension>
      <wptx1:WaypointExtension>
        <wptx1:DisplayMode>SymbolOnly</wptx1:DisplayMode>
      </wptx1:WaypointExtension>
      <ctx:CreationTimeExtension>
        <ctx:CreationTime>2018-09-22T01:33:37Z</ctx:CreationTime>
      </ctx:CreationTimeExtension>
    </extensions>
  </wpt>
  <wpt lat="31.456269901245832" lon="-109.916344815865159">
    <ele>1721.205600000000004</ele>
    <time>2018-10-21T22:40:19Z</time>
    <name>Zac #190</name>
    <cmt>21-OCT-18 10:47:57AM</cmt>
    <desc>21-OCT-18 10:47:57AM</desc>
    <sym>City (Small)</sym>
    <type>user</type>
    <extensions>
      <gpxx:WaypointExtension>
        <gpxx:DisplayMode>SymbolOnly</gpxx:DisplayMode>
      </gpxx:WaypointExtension>
      <wptx1:WaypointExtension>
        <wptx1:DisplayMode>SymbolOnly</wptx1:DisplayMode>
      </wptx1:WaypointExtension>
      <ctx:CreationTimeExtension>
        <ctx:CreationTime>2018-10-21T22:40:19Z</ctx:CreationTime>
      </ctx:CreationTimeExtension>
    </extensions>
  </wpt>
  <wpt lat="31.456284904852509" lon="-109.916265774518251">
    <ele>1724.863200000000006</ele>
    <time>2018-10-21T22:40:19Z</time>
    <name>Zac #191</name>
    <cmt>21-OCT-18 10:50:51AM</cmt>
    <desc>21-OCT-18 10:50:51AM</desc>
    <sym>City (Small)</sym>
    <type>user</type>
    <extensions>
      <gpxx:WaypointExtension>
        <gpxx:DisplayMode>SymbolOnly</gpxx:DisplayMode>
      </gpxx:WaypointExtension>
      <wptx1:WaypointExtension>
        <wptx1:DisplayMode>SymbolOnly</wptx1:DisplayMode>
      </wptx1:WaypointExtension>
      <ctx:CreationTimeExtension>
        <ctx:CreationTime>2018-10-21T22:40:19Z</ctx:CreationTime>
      </ctx:CreationTimeExtension>
    </extensions>
  </wpt>
  <wpt lat="31.456326898187399" lon="-109.916133927181363">
    <ele>1725.16800000000012</ele>
    <time>2018-10-21T22:40:19Z</time>
    <name>Zac #192</name>
    <cmt>21-OCT-18 10:53:04AM</cmt>
    <desc>21-OCT-18 10:53:04AM</desc>
    <sym>City (Small)</sym>
    <type>user</type>
    <extensions>
      <gpxx:WaypointExtension>
        <gpxx:DisplayMode>SymbolOnly</gpxx:DisplayMode>
      </gpxx:WaypointExtension>
      <wptx1:WaypointExtension>
        <wptx1:DisplayMode>SymbolOnly</wptx1:DisplayMode>
      </wptx1:WaypointExtension>
      <ctx:CreationTimeExtension>
        <ctx:CreationTime>2018-10-21T22:40:19Z</ctx:CreationTime>
      </ctx:CreationTimeExtension>
    </extensions>
  </wpt>
  <wpt lat="31.456436030566692" lon="-109.915951285511255">
    <ele>1724.863200000000006</ele>
    <time>2018-10-21T22:40:19Z</time>
    <name>Zac #193</name>
    <cmt>21-OCT-18 10:54:43AM</cmt>
    <desc>21-OCT-18 10:54:43AM</desc>
    <sym>City (Small)</sym>
    <type>user</type>
    <extensions>
      <gpxx:WaypointExtension>
        <gpxx:DisplayMode>SymbolOnly</gpxx:DisplayMode>
      </gpxx:WaypointExtension>
      <wptx1:WaypointExtension>
        <wptx1:DisplayMode>SymbolOnly</wptx1:DisplayMode>
      </wptx1:WaypointExtension>
      <ctx:CreationTimeExtension>
        <ctx:CreationTime>2018-10-21T22:40:19Z</ctx:CreationTime>
      </ctx:CreationTimeExtension>
    </extensions>
  </wpt>
  <wpt lat="31.456485064700246" lon="-109.915897976607084">
    <ele>1725.77760000000012</ele>
    <time>2018-10-21T22:40:19Z</time>
    <name>Zac #194</name>
    <cmt>21-OCT-18 10:56:50AM</cmt>
    <desc>21-OCT-18 10:56:50AM</desc>
    <sym>City (Small)</sym>
    <type>user</type>
    <extensions>
      <gpxx:WaypointExtension>
        <gpxx:DisplayMode>SymbolOnly</gpxx:DisplayMode>
      </gpxx:WaypointExtension>
      <wptx1:WaypointExtension>
        <wptx1:DisplayMode>SymbolOnly</wptx1:DisplayMode>
      </wptx1:WaypointExtension>
      <ctx:CreationTimeExtension>
        <ctx:CreationTime>2018-10-21T22:40:19Z</ctx:CreationTime>
      </ctx:CreationTimeExtension>
    </extensions>
  </wpt>
  <wpt lat="31.456609619781375" lon="-109.915708210319281">
    <ele>1730.349600000000009</ele>
    <time>2018-10-21T22:40:19Z</time>
    <name>Zac #195</name>
    <cmt>21-OCT-18 10:58:18AM</cmt>
    <desc>21-OCT-18 10:58:18AM</desc>
    <sym>City (Small)</sym>
    <type>user</type>
    <extensions>
      <gpxx:WaypointExtension>
        <gpxx:DisplayMode>SymbolOnly</gpxx:DisplayMode>
      </gpxx:WaypointExtension>
      <wptx1:WaypointExtension>
        <wptx1:DisplayMode>SymbolOnly</wptx1:DisplayMode>
      </wptx1:WaypointExtension>
      <ctx:CreationTimeExtension>
        <ctx:CreationTime>2018-10-21T22:40:19Z</ctx:CreationTime>
      </ctx:CreationTimeExtension>
    </extensions>
  </wpt>
  <wpt lat="31.456657312810421" lon="-109.915622379630804">
    <ele>1731.873600000000124</ele>
    <time>2018-10-21T22:40:19Z</time>
    <name>Zac #196</name>
    <cmt>21-OCT-18 11:00:10AM</cmt>
    <desc>21-OCT-18 11:00:10AM</desc>
    <sym>City (Small)</sym>
    <type>user</type>
    <extensions>
      <gpxx:WaypointExtension>
        <gpxx:DisplayMode>SymbolOnly</gpxx:DisplayMode>
      </gpxx:WaypointExtension>
      <wptx1:WaypointExtension>
        <wptx1:DisplayMode>SymbolOnly</wptx1:DisplayMode>
      </wptx1:WaypointExtension>
      <ctx:CreationTimeExtension>
        <ctx:CreationTime>2018-10-21T22:40:19Z</ctx:CreationTime>
      </ctx:CreationTimeExtension>
    </extensions>
  </wpt>
  <wpt lat="31.456784969195724" lon="-109.915557000786066">
    <ele>1734.921600000000126</ele>
    <time>2018-10-21T22:40:19Z</time>
    <name>Zac #197</name>
    <cmt>21-OCT-18 11:02:02AM</cmt>
    <desc>21-OCT-18 11:02:02AM</desc>
    <sym>City (Small)</sym>
    <type>user</type>
    <extensions>
      <gpxx:WaypointExtension>
        <gpxx:DisplayMode>SymbolOnly</gpxx:DisplayMode>
      </gpxx:WaypointExtension>
      <wptx1:WaypointExtension>
        <wptx1:DisplayMode>SymbolOnly</wptx1:DisplayMode>
      </wptx1:WaypointExtension>
      <ctx:CreationTimeExtension>
        <ctx:CreationTime>2018-10-21T22:40:19Z</ctx:CreationTime>
      </ctx:CreationTimeExtension>
    </extensions>
  </wpt>
  <wpt lat="31.456819418817759" lon="-109.915376203134656">
    <ele>1735.531200000000126</ele>
    <time>2018-10-21T22:40:19Z</time>
    <name>Zac #198</name>
    <cmt>21-OCT-18 11:03:54AM</cmt>
    <desc>21-OCT-18 11:03:54AM</desc>
    <sym>City (Small)</sym>
    <type>user</type>
    <extensions>
      <gpxx:WaypointExtension>
        <gpxx:DisplayMode>SymbolOnly</gpxx:DisplayMode>
      </gpxx:WaypointExtension>
      <wptx1:WaypointExtension>
        <wptx1:DisplayMode>SymbolOnly</wptx1:DisplayMode>
      </wptx1:WaypointExtension>
      <ctx:CreationTimeExtension>
        <ctx:CreationTime>2018-10-21T22:40:19Z</ctx:CreationTime>
      </ctx:CreationTimeExtension>
    </extensions>
  </wpt>
  <wpt lat="31.457019913941622" lon="-109.915213007479906">
    <ele>1743.456000000000131</ele>
    <time>2018-10-21T22:40:19Z</time>
    <name>Zac #199</name>
    <cmt>21-OCT-18 11:06:20AM</cmt>
    <desc>21-OCT-18 11:06:20AM</desc>
    <sym>City (Small)</sym>
    <type>user</type>
    <extensions>
      <gpxx:WaypointExtension>
        <gpxx:DisplayMode>SymbolOnly</gpxx:DisplayMode>
      </gpxx:WaypointExtension>
      <wptx1:WaypointExtension>
        <wptx1:DisplayMode>SymbolOnly</wptx1:DisplayMode>
      </wptx1:WaypointExtension>
      <ctx:CreationTimeExtension>
        <ctx:CreationTime>2018-10-21T22:40:19Z</ctx:CreationTime>
      </ctx:CreationTimeExtension>
    </extensions>
  </wpt>
  <wpt lat="31.447663111612201" lon="-109.914164431393147">
    <ele>1587.398400000000038</ele>
    <time>2018-09-22T01:33:37Z</time>
    <name>Zac #2</name>
    <cmt>02-SEP-18 10:38:31AM</cmt>
    <desc>02-SEP-18 10:38:31AM</desc>
    <sym>City (Small)</sym>
    <type>user</type>
    <extensions>
      <gpxx:WaypointExtension>
        <gpxx:DisplayMode>SymbolOnly</gpxx:DisplayMode>
      </gpxx:WaypointExtension>
      <wptx1:WaypointExtension>
        <wptx1:DisplayMode>SymbolOnly</wptx1:DisplayMode>
      </wptx1:WaypointExtension>
      <ctx:CreationTimeExtension>
        <ctx:CreationTime>2018-09-22T01:33:37Z</ctx:CreationTime>
      </ctx:CreationTimeExtension>
    </extensions>
  </wpt>
  <wpt lat="31.453170189633965" lon="-109.916738094761968">
    <ele>1674.875999999999976</ele>
    <time>2018-09-22T01:33:37Z</time>
    <name>Zac #20</name>
    <cmt>02-SEP-18 12:03:19PM</cmt>
    <desc>02-SEP-18 12:03:19PM</desc>
    <sym>City (Small)</sym>
    <type>user</type>
    <extensions>
      <gpxx:WaypointExtension>
        <gpxx:DisplayMode>SymbolOnly</gpxx:DisplayMode>
      </gpxx:WaypointExtension>
      <wptx1:WaypointExtension>
        <wptx1:DisplayMode>SymbolOnly</wptx1:DisplayMode>
      </wptx1:WaypointExtension>
      <ctx:CreationTimeExtension>
        <ctx:CreationTime>2018-09-22T01:33:37Z</ctx:CreationTime>
      </ctx:CreationTimeExtension>
    </extensions>
  </wpt>
  <wpt lat="31.457193084061146" lon="-109.914994239807129">
    <ele>1749.552000000000135</ele>
    <time>2018-10-21T22:40:19Z</time>
    <name>Zac #200</name>
    <cmt>21-OCT-18 11:08:55AM</cmt>
    <desc>21-OCT-18 11:08:55AM</desc>
    <sym>City (Small)</sym>
    <type>user</type>
    <extensions>
      <gpxx:WaypointExtension>
        <gpxx:DisplayMode>SymbolOnly</gpxx:DisplayMode>
      </gpxx:WaypointExtension>
      <wptx1:WaypointExtension>
        <wptx1:DisplayMode>SymbolOnly</wptx1:DisplayMode>
      </wptx1:WaypointExtension>
      <ctx:CreationTimeExtension>
        <ctx:CreationTime>2018-10-21T22:40:19Z</ctx:CreationTime>
      </ctx:CreationTimeExtension>
    </extensions>
  </wpt>
  <wpt lat="31.45720942877233" lon="-109.915272938087583">
    <ele>1748.332800000000134</ele>
    <time>2018-10-21T22:40:19Z</time>
    <name>Zac #201</name>
    <cmt>21-OCT-18 11:20:17AM</cmt>
    <desc>21-OCT-18 11:20:17AM</desc>
    <sym>City (Small)</sym>
    <type>user</type>
    <extensions>
      <gpxx:WaypointExtension>
        <gpxx:DisplayMode>SymbolOnly</gpxx:DisplayMode>
      </gpxx:WaypointExtension>
      <wptx1:WaypointExtension>
        <wptx1:DisplayMode>SymbolOnly</wptx1:DisplayMode>
      </wptx1:WaypointExtension>
      <ctx:CreationTimeExtension>
        <ctx:CreationTime>2018-10-21T22:40:19Z</ctx:CreationTime>
      </ctx:CreationTimeExtension>
    </extensions>
  </wpt>
  <wpt lat="31.45815197378397" lon="-109.917414011433721">
    <ele>1753.819200000000137</ele>
    <time>2018-10-21T22:40:19Z</time>
    <name>Zac #202</name>
    <cmt>21-OCT-18 11:37:46AM</cmt>
    <desc>21-OCT-18 11:37:46AM</desc>
    <sym>City (Small)</sym>
    <type>user</type>
    <extensions>
      <gpxx:WaypointExtension>
        <gpxx:DisplayMode>SymbolOnly</gpxx:DisplayMode>
      </gpxx:WaypointExtension>
      <wptx1:WaypointExtension>
        <wptx1:DisplayMode>SymbolOnly</wptx1:DisplayMode>
      </wptx1:WaypointExtension>
      <ctx:CreationTimeExtension>
        <ctx:CreationTime>2018-10-21T22:40:19Z</ctx:CreationTime>
      </ctx:CreationTimeExtension>
    </extensions>
  </wpt>
  <wpt lat="31.457885261625051" lon="-109.917421638965607">
    <ele>1748.332800000000134</ele>
    <time>2018-10-21T22:40:19Z</time>
    <name>Zac #203</name>
    <cmt>21-OCT-18 11:39:46AM</cmt>
    <desc>21-OCT-18 11:39:46AM</desc>
    <sym>City (Small)</sym>
    <type>user</type>
    <extensions>
      <gpxx:WaypointExtension>
        <gpxx:DisplayMode>SymbolOnly</gpxx:DisplayMode>
      </gpxx:WaypointExtension>
      <wptx1:WaypointExtension>
        <wptx1:DisplayMode>SymbolOnly</wptx1:DisplayMode>
      </wptx1:WaypointExtension>
      <ctx:CreationTimeExtension>
        <ctx:CreationTime>2018-10-21T22:40:19Z</ctx:CreationTime>
      </ctx:CreationTimeExtension>
    </extensions>
  </wpt>
  <wpt lat="31.457801023498178" lon="-109.917447455227375">
    <ele>1745.894400000000132</ele>
    <time>2018-10-21T22:40:19Z</time>
    <name>Zac #204</name>
    <cmt>21-OCT-18 11:41:04AM</cmt>
    <desc>21-OCT-18 11:41:04AM</desc>
    <sym>City (Small)</sym>
    <type>user</type>
    <extensions>
      <gpxx:WaypointExtension>
        <gpxx:DisplayMode>SymbolOnly</gpxx:DisplayMode>
      </gpxx:WaypointExtension>
      <wptx1:WaypointExtension>
        <wptx1:DisplayMode>SymbolOnly</wptx1:DisplayMode>
      </wptx1:WaypointExtension>
      <ctx:CreationTimeExtension>
        <ctx:CreationTime>2018-10-21T22:40:19Z</ctx:CreationTime>
      </ctx:CreationTimeExtension>
    </extensions>
  </wpt>
  <wpt lat="31.457707146182656" lon="-109.917456423863769">
    <ele>1744.065600000000131</ele>
    <time>2018-10-21T22:40:19Z</time>
    <name>Zac #205</name>
    <cmt>21-OCT-18 11:42:14AM</cmt>
    <desc>21-OCT-18 11:42:14AM</desc>
    <sym>City (Small)</sym>
    <type>user</type>
    <extensions>
      <gpxx:WaypointExtension>
        <gpxx:DisplayMode>SymbolOnly</gpxx:DisplayMode>
      </gpxx:WaypointExtension>
      <wptx1:WaypointExtension>
        <wptx1:DisplayMode>SymbolOnly</wptx1:DisplayMode>
      </wptx1:WaypointExtension>
      <ctx:CreationTimeExtension>
        <ctx:CreationTime>2018-10-21T22:40:19Z</ctx:CreationTime>
      </ctx:CreationTimeExtension>
    </extensions>
  </wpt>
  <wpt lat="31.45753632299602" lon="-109.917539991438389">
    <ele>1740.103200000000015</ele>
    <time>2018-10-21T22:40:19Z</time>
    <name>Zac #206</name>
    <cmt>21-OCT-18 11:44:21AM</cmt>
    <desc>21-OCT-18 11:44:21AM</desc>
    <sym>City (Small)</sym>
    <type>user</type>
    <extensions>
      <gpxx:WaypointExtension>
        <gpxx:DisplayMode>SymbolOnly</gpxx:DisplayMode>
      </gpxx:WaypointExtension>
      <wptx1:WaypointExtension>
        <wptx1:DisplayMode>SymbolOnly</wptx1:DisplayMode>
      </wptx1:WaypointExtension>
      <ctx:CreationTimeExtension>
        <ctx:CreationTime>2018-10-21T22:40:19Z</ctx:CreationTime>
      </ctx:CreationTimeExtension>
    </extensions>
  </wpt>
  <wpt lat="31.457475805655122" lon="-109.917525071650743">
    <ele>1738.274400000000014</ele>
    <time>2018-10-21T22:40:19Z</time>
    <name>Zac #207</name>
    <cmt>21-OCT-18 11:45:03AM</cmt>
    <desc>21-OCT-18 11:45:03AM</desc>
    <sym>City (Small)</sym>
    <type>user</type>
    <extensions>
      <gpxx:WaypointExtension>
        <gpxx:DisplayMode>SymbolOnly</gpxx:DisplayMode>
      </gpxx:WaypointExtension>
      <wptx1:WaypointExtension>
        <wptx1:DisplayMode>SymbolOnly</wptx1:DisplayMode>
      </wptx1:WaypointExtension>
      <ctx:CreationTimeExtension>
        <ctx:CreationTime>2018-10-21T22:40:19Z</ctx:CreationTime>
      </ctx:CreationTimeExtension>
    </extensions>
  </wpt>
  <wpt lat="31.457354854792356" lon="-109.917521635070443">
    <ele>1736.140800000000127</ele>
    <time>2018-10-21T22:40:19Z</time>
    <name>Zac #208</name>
    <cmt>21-OCT-18 11:46:16AM</cmt>
    <desc>21-OCT-18 11:46:16AM</desc>
    <sym>City (Small)</sym>
    <type>user</type>
    <extensions>
      <gpxx:WaypointExtension>
        <gpxx:DisplayMode>SymbolOnly</gpxx:DisplayMode>
      </gpxx:WaypointExtension>
      <wptx1:WaypointExtension>
        <wptx1:DisplayMode>SymbolOnly</wptx1:DisplayMode>
      </wptx1:WaypointExtension>
      <ctx:CreationTimeExtension>
        <ctx:CreationTime>2018-10-21T22:40:19Z</ctx:CreationTime>
      </ctx:CreationTimeExtension>
    </extensions>
  </wpt>
  <wpt lat="31.457266509532928" lon="-109.917540913447738">
    <ele>1735.226400000000012</ele>
    <time>2018-10-21T22:40:19Z</time>
    <name>Zac #209</name>
    <cmt>21-OCT-18 11:47:13AM</cmt>
    <desc>21-OCT-18 11:47:13AM</desc>
    <sym>City (Small)</sym>
    <type>user</type>
    <extensions>
      <gpxx:WaypointExtension>
        <gpxx:DisplayMode>SymbolOnly</gpxx:DisplayMode>
      </gpxx:WaypointExtension>
      <wptx1:WaypointExtension>
        <wptx1:DisplayMode>SymbolOnly</wptx1:DisplayMode>
      </wptx1:WaypointExtension>
      <ctx:CreationTimeExtension>
        <ctx:CreationTime>2018-10-21T22:40:19Z</ctx:CreationTime>
      </ctx:CreationTimeExtension>
    </extensions>
  </wpt>
  <wpt lat="31.453219391405582" lon="-109.916681181639433">
    <ele>1677.009600000000091</ele>
    <time>2018-09-22T01:33:37Z</time>
    <name>Zac #21</name>
    <cmt>02-SEP-18 12:05:05PM</cmt>
    <desc>02-SEP-18 12:05:05PM</desc>
    <sym>City (Small)</sym>
    <type>user</type>
    <extensions>
      <gpxx:WaypointExtension>
        <gpxx:DisplayMode>SymbolOnly</gpxx:DisplayMode>
      </gpxx:WaypointExtension>
      <wptx1:WaypointExtension>
        <wptx1:DisplayMode>SymbolOnly</wptx1:DisplayMode>
      </wptx1:WaypointExtension>
      <ctx:CreationTimeExtension>
        <ctx:CreationTime>2018-09-22T01:33:37Z</ctx:CreationTime>
      </ctx:CreationTimeExtension>
    </extensions>
  </wpt>
  <wpt lat="31.457183109596372" lon="-109.917622217908502">
    <ele>1734.312000000000126</ele>
    <time>2018-10-21T22:40:19Z</time>
    <name>Zac #210</name>
    <cmt>21-OCT-18 11:48:22AM</cmt>
    <desc>21-OCT-18 11:48:22AM</desc>
    <sym>City (Small)</sym>
    <type>user</type>
    <extensions>
      <gpxx:WaypointExtension>
        <gpxx:DisplayMode>SymbolOnly</gpxx:DisplayMode>
      </gpxx:WaypointExtension>
      <wptx1:WaypointExtension>
        <wptx1:DisplayMode>SymbolOnly</wptx1:DisplayMode>
      </wptx1:WaypointExtension>
      <ctx:CreationTimeExtension>
        <ctx:CreationTime>2018-10-21T22:40:19Z</ctx:CreationTime>
      </ctx:CreationTimeExtension>
    </extensions>
  </wpt>
  <wpt lat="31.456964341923594" lon="-109.917672760784626">
    <ele>1731.264000000000124</ele>
    <time>2018-10-21T22:40:19Z</time>
    <name>Zac #211</name>
    <cmt>21-OCT-18 11:49:58AM</cmt>
    <desc>21-OCT-18 11:49:58AM</desc>
    <sym>City (Small)</sym>
    <type>user</type>
    <extensions>
      <gpxx:WaypointExtension>
        <gpxx:DisplayMode>SymbolOnly</gpxx:DisplayMode>
      </gpxx:WaypointExtension>
      <wptx1:WaypointExtension>
        <wptx1:DisplayMode>SymbolOnly</wptx1:DisplayMode>
      </wptx1:WaypointExtension>
      <ctx:CreationTimeExtension>
        <ctx:CreationTime>2018-10-21T22:40:19Z</ctx:CreationTime>
      </ctx:CreationTimeExtension>
    </extensions>
  </wpt>
  <wpt lat="31.456929808482528" lon="-109.917694134637713">
    <ele>1730.044800000000123</ele>
    <time>2018-10-21T22:40:19Z</time>
    <name>Zac #212</name>
    <cmt>21-OCT-18 11:50:42AM</cmt>
    <desc>21-OCT-18 11:50:42AM</desc>
    <sym>City (Small)</sym>
    <type>user</type>
    <extensions>
      <gpxx:WaypointExtension>
        <gpxx:DisplayMode>SymbolOnly</gpxx:DisplayMode>
      </gpxx:WaypointExtension>
      <wptx1:WaypointExtension>
        <wptx1:DisplayMode>SymbolOnly</wptx1:DisplayMode>
      </wptx1:WaypointExtension>
      <ctx:CreationTimeExtension>
        <ctx:CreationTime>2018-10-21T22:40:19Z</ctx:CreationTime>
      </ctx:CreationTimeExtension>
    </extensions>
  </wpt>
  <wpt lat="31.456729480996728" lon="-109.917745348066092">
    <ele>1725.472800000000007</ele>
    <time>2018-10-21T22:40:19Z</time>
    <name>Zac #213</name>
    <cmt>21-OCT-18 11:58:54AM</cmt>
    <desc>21-OCT-18 11:58:54AM</desc>
    <sym>City (Small)</sym>
    <type>user</type>
    <extensions>
      <gpxx:WaypointExtension>
        <gpxx:DisplayMode>SymbolOnly</gpxx:DisplayMode>
      </gpxx:WaypointExtension>
      <wptx1:WaypointExtension>
        <wptx1:DisplayMode>SymbolOnly</wptx1:DisplayMode>
      </wptx1:WaypointExtension>
      <ctx:CreationTimeExtension>
        <ctx:CreationTime>2018-10-21T22:40:19Z</ctx:CreationTime>
      </ctx:CreationTimeExtension>
    </extensions>
  </wpt>
  <wpt lat="31.456522447988391" lon="-109.91779756732285">
    <ele>1721.205600000000004</ele>
    <time>2018-10-21T22:40:19Z</time>
    <name>Zac #214</name>
    <cmt>21-OCT-18 12:03:52PM</cmt>
    <desc>21-OCT-18 12:03:52PM</desc>
    <sym>City (Small)</sym>
    <type>user</type>
    <extensions>
      <gpxx:WaypointExtension>
        <gpxx:DisplayMode>SymbolOnly</gpxx:DisplayMode>
      </gpxx:WaypointExtension>
      <wptx1:WaypointExtension>
        <wptx1:DisplayMode>SymbolOnly</wptx1:DisplayMode>
      </wptx1:WaypointExtension>
      <ctx:CreationTimeExtension>
        <ctx:CreationTime>2018-10-21T22:40:19Z</ctx:CreationTime>
      </ctx:CreationTimeExtension>
    </extensions>
  </wpt>
  <wpt lat="31.45702519454062" lon="-109.919048985466361">
    <ele>1729.435200000000123</ele>
    <time>2018-12-04T01:58:07Z</time>
    <name>Zac #215</name>
    <cmt>03-DEC-18 2:52:11PM</cmt>
    <desc>03-DEC-18 2:52:11PM</desc>
    <sym>City (Small)</sym>
    <type>user</type>
    <extensions>
      <gpxx:WaypointExtension>
        <gpxx:DisplayMode>SymbolOnly</gpxx:DisplayMode>
      </gpxx:WaypointExtension>
      <wptx1:WaypointExtension>
        <wptx1:DisplayMode>SymbolOnly</wptx1:DisplayMode>
      </wptx1:WaypointExtension>
      <ctx:CreationTimeExtension>
        <ctx:CreationTime>2018-12-04T01:58:07Z</ctx:CreationTime>
      </ctx:CreationTimeExtension>
    </extensions>
  </wpt>
  <wpt lat="31.457056375220418" lon="-109.918996850028634">
    <ele>1730.044800000000123</ele>
    <time>2018-12-04T01:58:07Z</time>
    <name>Zac #216</name>
    <cmt>03-DEC-18 2:55:10PM</cmt>
    <desc>03-DEC-18 2:55:10PM</desc>
    <sym>City (Small)</sym>
    <type>user</type>
    <extensions>
      <gpxx:WaypointExtension>
        <gpxx:DisplayMode>SymbolOnly</gpxx:DisplayMode>
      </gpxx:WaypointExtension>
      <wptx1:WaypointExtension>
        <wptx1:DisplayMode>SymbolOnly</wptx1:DisplayMode>
      </wptx1:WaypointExtension>
      <ctx:CreationTimeExtension>
        <ctx:CreationTime>2018-12-04T01:58:07Z</ctx:CreationTime>
      </ctx:CreationTimeExtension>
    </extensions>
  </wpt>
  <wpt lat="31.457101888954639" lon="-109.91893608123064">
    <ele>1730.349600000000009</ele>
    <time>2018-12-04T01:58:07Z</time>
    <name>Zac #217</name>
    <cmt>03-DEC-18 2:56:57PM</cmt>
    <desc>03-DEC-18 2:56:57PM</desc>
    <sym>City (Small)</sym>
    <type>user</type>
    <extensions>
      <gpxx:WaypointExtension>
        <gpxx:DisplayMode>SymbolOnly</gpxx:DisplayMode>
      </gpxx:WaypointExtension>
      <wptx1:WaypointExtension>
        <wptx1:DisplayMode>SymbolOnly</wptx1:DisplayMode>
      </wptx1:WaypointExtension>
      <ctx:CreationTimeExtension>
        <ctx:CreationTime>2018-12-04T01:58:07Z</ctx:CreationTime>
      </ctx:CreationTimeExtension>
    </extensions>
  </wpt>
  <wpt lat="31.457222336903214" lon="-109.918886795639992">
    <ele>1730.349600000000009</ele>
    <time>2018-12-04T01:58:07Z</time>
    <name>Zac #218</name>
    <cmt>03-DEC-18 2:58:16PM</cmt>
    <desc>03-DEC-18 2:58:16PM</desc>
    <sym>City (Small)</sym>
    <type>user</type>
    <extensions>
      <gpxx:WaypointExtension>
        <gpxx:DisplayMode>SymbolOnly</gpxx:DisplayMode>
      </gpxx:WaypointExtension>
      <wptx1:WaypointExtension>
        <wptx1:DisplayMode>SymbolOnly</wptx1:DisplayMode>
      </wptx1:WaypointExtension>
      <ctx:CreationTimeExtension>
        <ctx:CreationTime>2018-12-04T01:58:07Z</ctx:CreationTime>
      </ctx:CreationTimeExtension>
    </extensions>
  </wpt>
  <wpt lat="31.457395674660802" lon="-109.918782189488411">
    <ele>1733.702400000000125</ele>
    <time>2018-12-04T01:58:07Z</time>
    <name>Zac #219</name>
    <cmt>03-DEC-18 3:00:44PM</cmt>
    <desc>03-DEC-18 3:00:44PM</desc>
    <sym>City (Small)</sym>
    <type>user</type>
    <extensions>
      <gpxx:WaypointExtension>
        <gpxx:DisplayMode>SymbolOnly</gpxx:DisplayMode>
      </gpxx:WaypointExtension>
      <wptx1:WaypointExtension>
        <wptx1:DisplayMode>SymbolOnly</wptx1:DisplayMode>
      </wptx1:WaypointExtension>
      <ctx:CreationTimeExtension>
        <ctx:CreationTime>2018-12-04T01:58:07Z</ctx:CreationTime>
      </ctx:CreationTimeExtension>
    </extensions>
  </wpt>
  <wpt lat="31.45329306833446" lon="-109.916616473346949">
    <ele>1677.619200000000092</ele>
    <time>2018-09-22T01:33:37Z</time>
    <name>Zac #22</name>
    <cmt>02-SEP-18 12:05:44PM</cmt>
    <desc>02-SEP-18 12:05:44PM</desc>
    <sym>City (Small)</sym>
    <type>user</type>
    <extensions>
      <gpxx:WaypointExtension>
        <gpxx:DisplayMode>SymbolOnly</gpxx:DisplayMode>
      </gpxx:WaypointExtension>
      <wptx1:WaypointExtension>
        <wptx1:DisplayMode>SymbolOnly</wptx1:DisplayMode>
      </wptx1:WaypointExtension>
      <ctx:CreationTimeExtension>
        <ctx:CreationTime>2018-09-22T01:33:37Z</ctx:CreationTime>
      </ctx:CreationTimeExtension>
    </extensions>
  </wpt>
  <wpt lat="31.457492066547275" lon="-109.918687557801604">
    <ele>1735.836000000000013</ele>
    <time>2018-12-04T01:58:07Z</time>
    <name>Zac #220</name>
    <cmt>03-DEC-18 3:02:42PM</cmt>
    <desc>03-DEC-18 3:02:42PM</desc>
    <sym>City (Small)</sym>
    <type>user</type>
    <extensions>
      <gpxx:WaypointExtension>
        <gpxx:DisplayMode>SymbolOnly</gpxx:DisplayMode>
      </gpxx:WaypointExtension>
      <wptx1:WaypointExtension>
        <wptx1:DisplayMode>SymbolOnly</wptx1:DisplayMode>
      </wptx1:WaypointExtension>
      <ctx:CreationTimeExtension>
        <ctx:CreationTime>2018-12-04T01:58:07Z</ctx:CreationTime>
      </ctx:CreationTimeExtension>
    </extensions>
  </wpt>
  <wpt lat="31.457686694338918" lon="-109.918671380728483">
    <ele>1740.103200000000015</ele>
    <time>2018-12-04T01:58:07Z</time>
    <name>Zac #221</name>
    <cmt>03-DEC-18 3:08:35PM</cmt>
    <desc>03-DEC-18 3:08:35PM</desc>
    <sym>City (Small)</sym>
    <type>user</type>
    <extensions>
      <gpxx:WaypointExtension>
        <gpxx:DisplayMode>SymbolOnly</gpxx:DisplayMode>
      </gpxx:WaypointExtension>
      <wptx1:WaypointExtension>
        <wptx1:DisplayMode>SymbolOnly</wptx1:DisplayMode>
      </wptx1:WaypointExtension>
      <ctx:CreationTimeExtension>
        <ctx:CreationTime>2018-12-04T01:58:07Z</ctx:CreationTime>
      </ctx:CreationTimeExtension>
    </extensions>
  </wpt>
  <wpt lat="31.457727681845427" lon="-109.918631482869387">
    <ele>1740.712800000000016</ele>
    <time>2018-12-04T01:58:07Z</time>
    <name>Zac #222</name>
    <cmt>03-DEC-18 3:09:10PM</cmt>
    <desc>03-DEC-18 3:09:10PM</desc>
    <sym>City (Small)</sym>
    <type>user</type>
    <extensions>
      <gpxx:WaypointExtension>
        <gpxx:DisplayMode>SymbolOnly</gpxx:DisplayMode>
      </gpxx:WaypointExtension>
      <wptx1:WaypointExtension>
        <wptx1:DisplayMode>SymbolOnly</wptx1:DisplayMode>
      </wptx1:WaypointExtension>
      <ctx:CreationTimeExtension>
        <ctx:CreationTime>2018-12-04T01:58:07Z</ctx:CreationTime>
      </ctx:CreationTimeExtension>
    </extensions>
  </wpt>
  <wpt lat="31.457778224721551" lon="-109.918570965528488">
    <ele>1740.408000000000129</ele>
    <time>2018-12-04T01:58:07Z</time>
    <name>Zac #223</name>
    <cmt>03-DEC-18 3:10:17PM</cmt>
    <desc>03-DEC-18 3:10:17PM</desc>
    <sym>City (Small)</sym>
    <type>user</type>
    <extensions>
      <gpxx:WaypointExtension>
        <gpxx:DisplayMode>SymbolOnly</gpxx:DisplayMode>
      </gpxx:WaypointExtension>
      <wptx1:WaypointExtension>
        <wptx1:DisplayMode>SymbolOnly</wptx1:DisplayMode>
      </wptx1:WaypointExtension>
      <ctx:CreationTimeExtension>
        <ctx:CreationTime>2018-12-04T01:58:07Z</ctx:CreationTime>
      </ctx:CreationTimeExtension>
    </extensions>
  </wpt>
  <wpt lat="31.457501957193017" lon="-109.919438911601901">
    <ele>1720.291200000000117</ele>
    <time>2018-12-04T01:58:07Z</time>
    <name>Zac #225</name>
    <cmt>03-DEC-18 3:18:08PM</cmt>
    <desc>03-DEC-18 3:18:08PM</desc>
    <sym>City (Small)</sym>
    <type>user</type>
    <extensions>
      <gpxx:WaypointExtension>
        <gpxx:DisplayMode>SymbolOnly</gpxx:DisplayMode>
      </gpxx:WaypointExtension>
      <wptx1:WaypointExtension>
        <wptx1:DisplayMode>SymbolOnly</wptx1:DisplayMode>
      </wptx1:WaypointExtension>
      <ctx:CreationTimeExtension>
        <ctx:CreationTime>2018-12-04T01:58:07Z</ctx:CreationTime>
      </ctx:CreationTimeExtension>
    </extensions>
  </wpt>
  <wpt lat="31.457666074857116" lon="-109.919383423402905">
    <ele>1721.815200000000004</ele>
    <time>2018-12-04T01:58:07Z</time>
    <name>Zac #226</name>
    <cmt>03-DEC-18 3:19:51PM</cmt>
    <desc>03-DEC-18 3:19:51PM</desc>
    <sym>City (Small)</sym>
    <type>user</type>
    <extensions>
      <gpxx:WaypointExtension>
        <gpxx:DisplayMode>SymbolOnly</gpxx:DisplayMode>
      </gpxx:WaypointExtension>
      <wptx1:WaypointExtension>
        <wptx1:DisplayMode>SymbolOnly</wptx1:DisplayMode>
      </wptx1:WaypointExtension>
      <ctx:CreationTimeExtension>
        <ctx:CreationTime>2018-12-04T01:58:07Z</ctx:CreationTime>
      </ctx:CreationTimeExtension>
    </extensions>
  </wpt>
  <wpt lat="31.457798508927226" lon="-109.919303124770522">
    <ele>1722.424800000000005</ele>
    <time>2018-12-04T01:58:07Z</time>
    <name>Zac #227</name>
    <cmt>03-DEC-18 3:20:53PM</cmt>
    <desc>03-DEC-18 3:20:53PM</desc>
    <sym>City (Small)</sym>
    <type>user</type>
    <extensions>
      <gpxx:WaypointExtension>
        <gpxx:DisplayMode>SymbolOnly</gpxx:DisplayMode>
      </gpxx:WaypointExtension>
      <wptx1:WaypointExtension>
        <wptx1:DisplayMode>SymbolOnly</wptx1:DisplayMode>
      </wptx1:WaypointExtension>
      <ctx:CreationTimeExtension>
        <ctx:CreationTime>2018-12-04T01:58:07Z</ctx:CreationTime>
      </ctx:CreationTimeExtension>
    </extensions>
  </wpt>
  <wpt lat="31.45779674872756" lon="-109.919268758967519">
    <ele>1725.472800000000007</ele>
    <time>2018-12-04T01:58:07Z</time>
    <name>Zac #228</name>
    <cmt>03-DEC-18 3:24:19PM</cmt>
    <desc>03-DEC-18 3:24:19PM</desc>
    <sym>City (Small)</sym>
    <type>user</type>
    <extensions>
      <gpxx:WaypointExtension>
        <gpxx:DisplayMode>SymbolOnly</gpxx:DisplayMode>
      </gpxx:WaypointExtension>
      <wptx1:WaypointExtension>
        <wptx1:DisplayMode>SymbolOnly</wptx1:DisplayMode>
      </wptx1:WaypointExtension>
      <ctx:CreationTimeExtension>
        <ctx:CreationTime>2018-12-04T01:58:07Z</ctx:CreationTime>
      </ctx:CreationTimeExtension>
    </extensions>
  </wpt>
  <wpt lat="31.458022557199001" lon="-109.919321648776531">
    <ele>1727.911200000000008</ele>
    <time>2018-12-04T01:58:07Z</time>
    <name>Zac #229</name>
    <cmt>03-DEC-18 3:26:10PM</cmt>
    <desc>03-DEC-18 3:26:10PM</desc>
    <sym>City (Small)</sym>
    <type>user</type>
    <extensions>
      <gpxx:WaypointExtension>
        <gpxx:DisplayMode>SymbolOnly</gpxx:DisplayMode>
      </gpxx:WaypointExtension>
      <wptx1:WaypointExtension>
        <wptx1:DisplayMode>SymbolOnly</wptx1:DisplayMode>
      </wptx1:WaypointExtension>
      <ctx:CreationTimeExtension>
        <ctx:CreationTime>2018-12-04T01:58:07Z</ctx:CreationTime>
      </ctx:CreationTimeExtension>
    </extensions>
  </wpt>
  <wpt lat="31.453308993950486" lon="-109.916549250483513">
    <ele>1678.228800000000092</ele>
    <time>2018-09-22T01:33:37Z</time>
    <name>Zac #23</name>
    <cmt>02-SEP-18 12:06:33PM</cmt>
    <desc>02-SEP-18 12:06:33PM</desc>
    <sym>City (Small)</sym>
    <type>user</type>
    <extensions>
      <gpxx:WaypointExtension>
        <gpxx:DisplayMode>SymbolOnly</gpxx:DisplayMode>
      </gpxx:WaypointExtension>
      <wptx1:WaypointExtension>
        <wptx1:DisplayMode>SymbolOnly</wptx1:DisplayMode>
      </wptx1:WaypointExtension>
      <ctx:CreationTimeExtension>
        <ctx:CreationTime>2018-09-22T01:33:37Z</ctx:CreationTime>
      </ctx:CreationTimeExtension>
    </extensions>
  </wpt>
  <wpt lat="31.458169911056757" lon="-109.919408401474357">
    <ele>1730.044800000000123</ele>
    <time>2018-12-04T01:58:07Z</time>
    <name>Zac #230</name>
    <cmt>03-DEC-18 3:28:06PM</cmt>
    <desc>03-DEC-18 3:28:06PM</desc>
    <sym>City (Small)</sym>
    <type>user</type>
    <extensions>
      <gpxx:WaypointExtension>
        <gpxx:DisplayMode>SymbolOnly</gpxx:DisplayMode>
      </gpxx:WaypointExtension>
      <wptx1:WaypointExtension>
        <wptx1:DisplayMode>SymbolOnly</wptx1:DisplayMode>
      </wptx1:WaypointExtension>
      <ctx:CreationTimeExtension>
        <ctx:CreationTime>2018-12-04T01:58:07Z</ctx:CreationTime>
      </ctx:CreationTimeExtension>
    </extensions>
  </wpt>
  <wpt lat="31.458249539136887" lon="-109.919467829167843">
    <ele>1733.702400000000125</ele>
    <time>2018-12-04T01:58:07Z</time>
    <name>Zac #231</name>
    <cmt>03-DEC-18 3:29:41PM</cmt>
    <desc>03-DEC-18 3:29:41PM</desc>
    <sym>City (Small)</sym>
    <type>user</type>
    <extensions>
      <gpxx:WaypointExtension>
        <gpxx:DisplayMode>SymbolOnly</gpxx:DisplayMode>
      </gpxx:WaypointExtension>
      <wptx1:WaypointExtension>
        <wptx1:DisplayMode>SymbolOnly</wptx1:DisplayMode>
      </wptx1:WaypointExtension>
      <ctx:CreationTimeExtension>
        <ctx:CreationTime>2018-12-04T01:58:07Z</ctx:CreationTime>
      </ctx:CreationTimeExtension>
    </extensions>
  </wpt>
  <wpt lat="31.458319444209337" lon="-109.91940806619823">
    <ele>1735.226400000000012</ele>
    <time>2018-12-04T01:58:07Z</time>
    <name>Zac #232</name>
    <cmt>03-DEC-18 3:32:23PM</cmt>
    <desc>03-DEC-18 3:32:23PM</desc>
    <sym>City (Small)</sym>
    <type>user</type>
    <extensions>
      <gpxx:WaypointExtension>
        <gpxx:DisplayMode>SymbolOnly</gpxx:DisplayMode>
      </gpxx:WaypointExtension>
      <wptx1:WaypointExtension>
        <wptx1:DisplayMode>SymbolOnly</wptx1:DisplayMode>
      </wptx1:WaypointExtension>
      <ctx:CreationTimeExtension>
        <ctx:CreationTime>2018-12-04T01:58:07Z</ctx:CreationTime>
      </ctx:CreationTimeExtension>
    </extensions>
  </wpt>
  <wpt lat="31.458427319303155" lon="-109.919420722872019">
    <ele>1734.616800000000012</ele>
    <time>2018-12-04T01:58:07Z</time>
    <name>Zac #233</name>
    <cmt>03-DEC-18 3:34:22PM</cmt>
    <desc>03-DEC-18 3:34:22PM</desc>
    <sym>City (Small)</sym>
    <type>user</type>
    <extensions>
      <gpxx:WaypointExtension>
        <gpxx:DisplayMode>SymbolOnly</gpxx:DisplayMode>
      </gpxx:WaypointExtension>
      <wptx1:WaypointExtension>
        <wptx1:DisplayMode>SymbolOnly</wptx1:DisplayMode>
      </wptx1:WaypointExtension>
      <ctx:CreationTimeExtension>
        <ctx:CreationTime>2018-12-04T01:58:07Z</ctx:CreationTime>
      </ctx:CreationTimeExtension>
    </extensions>
  </wpt>
  <wpt lat="31.458539050072432" lon="-109.919432960450649">
    <ele>1735.836000000000013</ele>
    <time>2018-12-04T01:58:07Z</time>
    <name>Zac #234</name>
    <cmt>03-DEC-18 3:35:26PM</cmt>
    <desc>03-DEC-18 3:35:26PM</desc>
    <sym>City (Small)</sym>
    <type>user</type>
    <extensions>
      <gpxx:WaypointExtension>
        <gpxx:DisplayMode>SymbolOnly</gpxx:DisplayMode>
      </gpxx:WaypointExtension>
      <wptx1:WaypointExtension>
        <wptx1:DisplayMode>SymbolOnly</wptx1:DisplayMode>
      </wptx1:WaypointExtension>
      <ctx:CreationTimeExtension>
        <ctx:CreationTime>2018-12-04T01:58:07Z</ctx:CreationTime>
      </ctx:CreationTimeExtension>
    </extensions>
  </wpt>
  <wpt lat="31.458613062277436" lon="-109.919474702328444">
    <ele>1737.969600000000128</ele>
    <time>2018-12-04T01:58:07Z</time>
    <name>Zac #235</name>
    <cmt>03-DEC-18 3:36:32PM</cmt>
    <desc>03-DEC-18 3:36:32PM</desc>
    <sym>City (Small)</sym>
    <type>user</type>
    <extensions>
      <gpxx:WaypointExtension>
        <gpxx:DisplayMode>SymbolOnly</gpxx:DisplayMode>
      </gpxx:WaypointExtension>
      <wptx1:WaypointExtension>
        <wptx1:DisplayMode>SymbolOnly</wptx1:DisplayMode>
      </wptx1:WaypointExtension>
      <ctx:CreationTimeExtension>
        <ctx:CreationTime>2018-12-04T01:58:07Z</ctx:CreationTime>
      </ctx:CreationTimeExtension>
    </extensions>
  </wpt>
  <wpt lat="31.458678189665079" lon="-109.919439079239964">
    <ele>1737.969600000000128</ele>
    <time>2018-12-04T01:58:07Z</time>
    <name>Zac #236</name>
    <cmt>03-DEC-18 3:38:05PM</cmt>
    <desc>03-DEC-18 3:38:05PM</desc>
    <sym>City (Small)</sym>
    <type>user</type>
    <extensions>
      <gpxx:WaypointExtension>
        <gpxx:DisplayMode>SymbolOnly</gpxx:DisplayMode>
      </gpxx:WaypointExtension>
      <wptx1:WaypointExtension>
        <wptx1:DisplayMode>SymbolOnly</wptx1:DisplayMode>
      </wptx1:WaypointExtension>
      <ctx:CreationTimeExtension>
        <ctx:CreationTime>2018-12-04T01:58:07Z</ctx:CreationTime>
      </ctx:CreationTimeExtension>
    </extensions>
  </wpt>
  <wpt lat="31.458735270425677" lon="-109.919415777549148">
    <ele>1739.493600000000015</ele>
    <time>2018-12-04T01:58:07Z</time>
    <name>Zac #237</name>
    <cmt>03-DEC-18 3:39:48PM</cmt>
    <desc>03-DEC-18 3:39:48PM</desc>
    <sym>City (Small)</sym>
    <type>user</type>
    <extensions>
      <gpxx:WaypointExtension>
        <gpxx:DisplayMode>SymbolOnly</gpxx:DisplayMode>
      </gpxx:WaypointExtension>
      <wptx1:WaypointExtension>
        <wptx1:DisplayMode>SymbolOnly</wptx1:DisplayMode>
      </wptx1:WaypointExtension>
      <ctx:CreationTimeExtension>
        <ctx:CreationTime>2018-12-04T01:58:07Z</ctx:CreationTime>
      </ctx:CreationTimeExtension>
    </extensions>
  </wpt>
  <wpt lat="31.459019752219319" lon="-109.919394571334124">
    <ele>1743.456000000000131</ele>
    <time>2018-12-04T01:58:07Z</time>
    <name>Zac #238</name>
    <cmt>03-DEC-18 3:43:22PM</cmt>
    <desc>03-DEC-18 3:43:22PM</desc>
    <sym>City (Small)</sym>
    <type>user</type>
    <extensions>
      <gpxx:WaypointExtension>
        <gpxx:DisplayMode>SymbolOnly</gpxx:DisplayMode>
      </gpxx:WaypointExtension>
      <wptx1:WaypointExtension>
        <wptx1:DisplayMode>SymbolOnly</wptx1:DisplayMode>
      </wptx1:WaypointExtension>
      <ctx:CreationTimeExtension>
        <ctx:CreationTime>2018-12-04T01:58:07Z</ctx:CreationTime>
      </ctx:CreationTimeExtension>
    </extensions>
  </wpt>
  <wpt lat="31.459110779687762" lon="-109.919418459758162">
    <ele>1744.980000000000018</ele>
    <time>2018-12-04T01:58:07Z</time>
    <name>Zac #239</name>
    <cmt>03-DEC-18 3:44:32PM</cmt>
    <desc>03-DEC-18 3:44:32PM</desc>
    <sym>City (Small)</sym>
    <type>user</type>
    <extensions>
      <gpxx:WaypointExtension>
        <gpxx:DisplayMode>SymbolOnly</gpxx:DisplayMode>
      </gpxx:WaypointExtension>
      <wptx1:WaypointExtension>
        <wptx1:DisplayMode>SymbolOnly</wptx1:DisplayMode>
      </wptx1:WaypointExtension>
      <ctx:CreationTimeExtension>
        <ctx:CreationTime>2018-12-04T01:58:07Z</ctx:CreationTime>
      </ctx:CreationTimeExtension>
    </extensions>
  </wpt>
  <wpt lat="31.45338443107903" lon="-109.916467275470495">
    <ele>1679.448000000000093</ele>
    <time>2018-09-22T01:33:37Z</time>
    <name>Zac #24</name>
    <cmt>02-SEP-18 12:06:57PM</cmt>
    <desc>02-SEP-18 12:06:57PM</desc>
    <sym>City (Small)</sym>
    <type>user</type>
    <extensions>
      <gpxx:WaypointExtension>
        <gpxx:DisplayMode>SymbolOnly</gpxx:DisplayMode>
      </gpxx:WaypointExtension>
      <wptx1:WaypointExtension>
        <wptx1:DisplayMode>SymbolOnly</wptx1:DisplayMode>
      </wptx1:WaypointExtension>
      <ctx:CreationTimeExtension>
        <ctx:CreationTime>2018-09-22T01:33:37Z</ctx:CreationTime>
      </ctx:CreationTimeExtension>
    </extensions>
  </wpt>
  <wpt lat="31.459255451336503" lon="-109.919416280463338">
    <ele>1748.02800000000002</ele>
    <time>2018-12-04T01:58:07Z</time>
    <name>Zac #240</name>
    <cmt>03-DEC-18 3:46:00PM</cmt>
    <desc>03-DEC-18 3:46:00PM</desc>
    <sym>City (Small)</sym>
    <type>user</type>
    <extensions>
      <gpxx:WaypointExtension>
        <gpxx:DisplayMode>SymbolOnly</gpxx:DisplayMode>
      </gpxx:WaypointExtension>
      <wptx1:WaypointExtension>
        <wptx1:DisplayMode>SymbolOnly</wptx1:DisplayMode>
      </wptx1:WaypointExtension>
      <ctx:CreationTimeExtension>
        <ctx:CreationTime>2018-12-04T01:58:07Z</ctx:CreationTime>
      </ctx:CreationTimeExtension>
    </extensions>
  </wpt>
  <wpt lat="31.459337091073394" lon="-109.919466152787209">
    <ele>1750.771200000000135</ele>
    <time>2018-12-04T01:58:07Z</time>
    <name>Zac #241</name>
    <cmt>03-DEC-18 3:47:25PM</cmt>
    <desc>03-DEC-18 3:47:25PM</desc>
    <sym>City (Small)</sym>
    <type>user</type>
    <extensions>
      <gpxx:WaypointExtension>
        <gpxx:DisplayMode>SymbolOnly</gpxx:DisplayMode>
      </gpxx:WaypointExtension>
      <wptx1:WaypointExtension>
        <wptx1:DisplayMode>SymbolOnly</wptx1:DisplayMode>
      </wptx1:WaypointExtension>
      <ctx:CreationTimeExtension>
        <ctx:CreationTime>2018-12-04T01:58:07Z</ctx:CreationTime>
      </ctx:CreationTimeExtension>
    </extensions>
  </wpt>
  <wpt lat="31.45942585542798" lon="-109.919424746185541">
    <ele>1760.524800000000141</ele>
    <time>2018-12-04T01:58:07Z</time>
    <name>Zac #242</name>
    <cmt>03-DEC-18 3:50:18PM</cmt>
    <desc>03-DEC-18 3:50:18PM</desc>
    <sym>City (Small)</sym>
    <type>user</type>
    <extensions>
      <gpxx:WaypointExtension>
        <gpxx:DisplayMode>SymbolOnly</gpxx:DisplayMode>
      </gpxx:WaypointExtension>
      <wptx1:WaypointExtension>
        <wptx1:DisplayMode>SymbolOnly</wptx1:DisplayMode>
      </wptx1:WaypointExtension>
      <ctx:CreationTimeExtension>
        <ctx:CreationTime>2018-12-04T01:58:07Z</ctx:CreationTime>
      </ctx:CreationTimeExtension>
    </extensions>
  </wpt>
  <wpt lat="31.459572454914451" lon="-109.919403120875359">
    <ele>1759.000800000000027</ele>
    <time>2018-12-04T01:58:07Z</time>
    <name>Zac #243</name>
    <cmt>03-DEC-18 3:53:22PM</cmt>
    <desc>03-DEC-18 3:53:22PM</desc>
    <sym>City (Small)</sym>
    <type>user</type>
    <extensions>
      <gpxx:WaypointExtension>
        <gpxx:DisplayMode>SymbolOnly</gpxx:DisplayMode>
      </gpxx:WaypointExtension>
      <wptx1:WaypointExtension>
        <wptx1:DisplayMode>SymbolOnly</wptx1:DisplayMode>
      </wptx1:WaypointExtension>
      <ctx:CreationTimeExtension>
        <ctx:CreationTime>2018-12-04T01:58:07Z</ctx:CreationTime>
      </ctx:CreationTimeExtension>
    </extensions>
  </wpt>
  <wpt lat="31.459717713296413" lon="-109.919379064813256">
    <ele>1765.401600000000144</ele>
    <time>2018-12-04T01:58:07Z</time>
    <name>Zac #244</name>
    <cmt>03-DEC-18 3:54:47PM</cmt>
    <desc>03-DEC-18 3:54:47PM</desc>
    <sym>City (Small)</sym>
    <type>user</type>
    <extensions>
      <gpxx:WaypointExtension>
        <gpxx:DisplayMode>SymbolOnly</gpxx:DisplayMode>
      </gpxx:WaypointExtension>
      <wptx1:WaypointExtension>
        <wptx1:DisplayMode>SymbolOnly</wptx1:DisplayMode>
      </wptx1:WaypointExtension>
      <ctx:CreationTimeExtension>
        <ctx:CreationTime>2018-12-04T01:58:07Z</ctx:CreationTime>
      </ctx:CreationTimeExtension>
    </extensions>
  </wpt>
  <wpt lat="31.459812177345157" lon="-109.919378226622939">
    <ele>1766.925600000000031</ele>
    <time>2018-12-04T01:58:07Z</time>
    <name>Zac #245</name>
    <cmt>03-DEC-18 3:58:29PM</cmt>
    <desc>03-DEC-18 3:58:29PM</desc>
    <sym>City (Small)</sym>
    <type>user</type>
    <extensions>
      <gpxx:WaypointExtension>
        <gpxx:DisplayMode>SymbolOnly</gpxx:DisplayMode>
      </gpxx:WaypointExtension>
      <wptx1:WaypointExtension>
        <wptx1:DisplayMode>SymbolOnly</wptx1:DisplayMode>
      </wptx1:WaypointExtension>
      <ctx:CreationTimeExtension>
        <ctx:CreationTime>2018-12-04T01:58:07Z</ctx:CreationTime>
      </ctx:CreationTimeExtension>
    </extensions>
  </wpt>
  <wpt lat="31.459971433505416" lon="-109.919341262429953">
    <ele>1769.059200000000146</ele>
    <time>2018-12-04T01:58:07Z</time>
    <name>Zac #246</name>
    <cmt>03-DEC-18 4:00:02PM</cmt>
    <desc>03-DEC-18 4:00:02PM</desc>
    <sym>City (Small)</sym>
    <type>user</type>
    <extensions>
      <gpxx:WaypointExtension>
        <gpxx:DisplayMode>SymbolOnly</gpxx:DisplayMode>
      </gpxx:WaypointExtension>
      <wptx1:WaypointExtension>
        <wptx1:DisplayMode>SymbolOnly</wptx1:DisplayMode>
      </wptx1:WaypointExtension>
      <ctx:CreationTimeExtension>
        <ctx:CreationTime>2018-12-04T01:58:07Z</ctx:CreationTime>
      </ctx:CreationTimeExtension>
    </extensions>
  </wpt>
  <wpt lat="31.460081152617931" lon="-109.919249732047319">
    <ele>1776.679200000000037</ele>
    <time>2018-12-04T01:58:07Z</time>
    <name>Zac #247</name>
    <cmt>03-DEC-18 4:02:56PM</cmt>
    <desc>03-DEC-18 4:02:56PM</desc>
    <sym>City (Small)</sym>
    <type>user</type>
    <extensions>
      <gpxx:WaypointExtension>
        <gpxx:DisplayMode>SymbolOnly</gpxx:DisplayMode>
      </gpxx:WaypointExtension>
      <wptx1:WaypointExtension>
        <wptx1:DisplayMode>SymbolOnly</wptx1:DisplayMode>
      </wptx1:WaypointExtension>
      <ctx:CreationTimeExtension>
        <ctx:CreationTime>2018-12-04T01:58:07Z</ctx:CreationTime>
      </ctx:CreationTimeExtension>
    </extensions>
  </wpt>
  <wpt lat="31.460228506475687" lon="-109.919414352625608">
    <ele>1781.55600000000004</ele>
    <time>2018-12-04T01:58:07Z</time>
    <name>Zac #248</name>
    <cmt>03-DEC-18 4:07:00PM</cmt>
    <desc>03-DEC-18 4:07:00PM</desc>
    <sym>City (Small)</sym>
    <type>user</type>
    <extensions>
      <gpxx:WaypointExtension>
        <gpxx:DisplayMode>SymbolOnly</gpxx:DisplayMode>
      </gpxx:WaypointExtension>
      <wptx1:WaypointExtension>
        <wptx1:DisplayMode>SymbolOnly</wptx1:DisplayMode>
      </wptx1:WaypointExtension>
      <ctx:CreationTimeExtension>
        <ctx:CreationTime>2018-12-04T01:58:07Z</ctx:CreationTime>
      </ctx:CreationTimeExtension>
    </extensions>
  </wpt>
  <wpt lat="31.46017293445766" lon="-109.919469002634287">
    <ele>1781.55600000000004</ele>
    <time>2018-12-04T01:58:07Z</time>
    <name>Zac #249</name>
    <cmt>03-DEC-18 4:07:53PM</cmt>
    <desc>03-DEC-18 4:07:53PM</desc>
    <sym>City (Small)</sym>
    <type>user</type>
    <extensions>
      <gpxx:WaypointExtension>
        <gpxx:DisplayMode>SymbolOnly</gpxx:DisplayMode>
      </gpxx:WaypointExtension>
      <wptx1:WaypointExtension>
        <wptx1:DisplayMode>SymbolOnly</wptx1:DisplayMode>
      </wptx1:WaypointExtension>
      <ctx:CreationTimeExtension>
        <ctx:CreationTime>2018-12-04T01:58:07Z</ctx:CreationTime>
      </ctx:CreationTimeExtension>
    </extensions>
  </wpt>
  <wpt lat="31.453472524881363" lon="-109.916412122547626">
    <ele>1683.410399999999981</ele>
    <time>2018-09-22T01:33:37Z</time>
    <name>Zac #25</name>
    <cmt>02-SEP-18 12:09:53PM</cmt>
    <desc>02-SEP-18 12:09:53PM</desc>
    <sym>City (Small)</sym>
    <type>user</type>
    <extensions>
      <gpxx:WaypointExtension>
        <gpxx:DisplayMode>SymbolOnly</gpxx:DisplayMode>
      </gpxx:WaypointExtension>
      <wptx1:WaypointExtension>
        <wptx1:DisplayMode>SymbolOnly</wptx1:DisplayMode>
      </wptx1:WaypointExtension>
      <ctx:CreationTimeExtension>
        <ctx:CreationTime>2018-09-22T01:33:37Z</ctx:CreationTime>
      </ctx:CreationTimeExtension>
    </extensions>
  </wpt>
  <wpt lat="31.460283575579524" lon="-109.919596323743463">
    <ele>1790.700000000000045</ele>
    <time>2018-12-04T01:58:07Z</time>
    <name>Zac #250</name>
    <cmt>03-DEC-18 4:10:19PM</cmt>
    <desc>03-DEC-18 4:10:19PM</desc>
    <sym>City (Small)</sym>
    <type>user</type>
    <extensions>
      <gpxx:WaypointExtension>
        <gpxx:DisplayMode>SymbolOnly</gpxx:DisplayMode>
      </gpxx:WaypointExtension>
      <wptx1:WaypointExtension>
        <wptx1:DisplayMode>SymbolOnly</wptx1:DisplayMode>
      </wptx1:WaypointExtension>
      <ctx:CreationTimeExtension>
        <ctx:CreationTime>2018-12-04T01:58:07Z</ctx:CreationTime>
      </ctx:CreationTimeExtension>
    </extensions>
  </wpt>
  <wpt lat="31.460571829229593" lon="-109.919929085299373">
    <ele>1806.854400000000169</ele>
    <time>2018-12-04T01:58:07Z</time>
    <name>Zac #251</name>
    <cmt>03-DEC-18 4:13:57PM</cmt>
    <desc>03-DEC-18 4:13:57PM</desc>
    <sym>City (Small)</sym>
    <type>user</type>
    <extensions>
      <gpxx:WaypointExtension>
        <gpxx:DisplayMode>SymbolOnly</gpxx:DisplayMode>
      </gpxx:WaypointExtension>
      <wptx1:WaypointExtension>
        <wptx1:DisplayMode>SymbolOnly</wptx1:DisplayMode>
      </wptx1:WaypointExtension>
      <ctx:CreationTimeExtension>
        <ctx:CreationTime>2018-12-04T01:58:07Z</ctx:CreationTime>
      </ctx:CreationTimeExtension>
    </extensions>
  </wpt>
  <wpt lat="31.457470860332251" lon="-109.920382797718048">
    <ele>1738.274400000000014</ele>
    <time>2018-12-06T03:17:50Z</time>
    <name>Zac #252</name>
    <cmt>05-DEC-18 2:21:30PM</cmt>
    <desc>05-DEC-18 2:21:30PM</desc>
    <sym>City (Small)</sym>
    <type>user</type>
    <extensions>
      <gpxx:WaypointExtension>
        <gpxx:DisplayMode>SymbolOnly</gpxx:DisplayMode>
      </gpxx:WaypointExtension>
      <wptx1:WaypointExtension>
        <wptx1:DisplayMode>SymbolOnly</wptx1:DisplayMode>
      </wptx1:WaypointExtension>
      <ctx:CreationTimeExtension>
        <ctx:CreationTime>2018-12-06T03:17:50Z</ctx:CreationTime>
      </ctx:CreationTimeExtension>
    </extensions>
  </wpt>
  <wpt lat="31.457701195031404" lon="-109.920204430818558">
    <ele>1748.332800000000134</ele>
    <time>2018-12-06T03:17:50Z</time>
    <name>Zac #253</name>
    <cmt>05-DEC-18 2:26:03PM</cmt>
    <desc>05-DEC-18 2:26:03PM</desc>
    <sym>City (Small)</sym>
    <type>user</type>
    <extensions>
      <gpxx:WaypointExtension>
        <gpxx:DisplayMode>SymbolOnly</gpxx:DisplayMode>
      </gpxx:WaypointExtension>
      <wptx1:WaypointExtension>
        <wptx1:DisplayMode>SymbolOnly</wptx1:DisplayMode>
      </wptx1:WaypointExtension>
      <ctx:CreationTimeExtension>
        <ctx:CreationTime>2018-12-06T03:17:50Z</ctx:CreationTime>
      </ctx:CreationTimeExtension>
    </extensions>
  </wpt>
  <wpt lat="31.457892637699842" lon="-109.9212487321347">
    <ele>1745.284800000000132</ele>
    <time>2018-12-06T03:17:50Z</time>
    <name>Zac #254</name>
    <cmt>05-DEC-18 2:30:55PM</cmt>
    <desc>05-DEC-18 2:30:55PM</desc>
    <sym>City (Small)</sym>
    <type>user</type>
    <extensions>
      <gpxx:WaypointExtension>
        <gpxx:DisplayMode>SymbolOnly</gpxx:DisplayMode>
      </gpxx:WaypointExtension>
      <wptx1:WaypointExtension>
        <wptx1:DisplayMode>SymbolOnly</wptx1:DisplayMode>
      </wptx1:WaypointExtension>
      <ctx:CreationTimeExtension>
        <ctx:CreationTime>2018-12-06T03:17:50Z</ctx:CreationTime>
      </ctx:CreationTimeExtension>
    </extensions>
  </wpt>
  <wpt lat="31.457981066778302" lon="-109.921248396858573">
    <ele>1747.41840000000002</ele>
    <time>2018-12-06T03:17:50Z</time>
    <name>Zac #255</name>
    <cmt>05-DEC-18 2:32:36PM</cmt>
    <desc>05-DEC-18 2:32:36PM</desc>
    <sym>City (Small)</sym>
    <type>user</type>
    <extensions>
      <gpxx:WaypointExtension>
        <gpxx:DisplayMode>SymbolOnly</gpxx:DisplayMode>
      </gpxx:WaypointExtension>
      <wptx1:WaypointExtension>
        <wptx1:DisplayMode>SymbolOnly</wptx1:DisplayMode>
      </wptx1:WaypointExtension>
      <ctx:CreationTimeExtension>
        <ctx:CreationTime>2018-12-06T03:17:50Z</ctx:CreationTime>
      </ctx:CreationTimeExtension>
    </extensions>
  </wpt>
  <wpt lat="31.458097910508513" lon="-109.921243200078607">
    <ele>1750.771200000000135</ele>
    <time>2018-12-06T03:17:50Z</time>
    <name>Zac #256</name>
    <cmt>05-DEC-18 2:33:31PM</cmt>
    <desc>05-DEC-18 2:33:31PM</desc>
    <sym>City (Small)</sym>
    <type>user</type>
    <extensions>
      <gpxx:WaypointExtension>
        <gpxx:DisplayMode>SymbolOnly</gpxx:DisplayMode>
      </gpxx:WaypointExtension>
      <wptx1:WaypointExtension>
        <wptx1:DisplayMode>SymbolOnly</wptx1:DisplayMode>
      </wptx1:WaypointExtension>
      <ctx:CreationTimeExtension>
        <ctx:CreationTime>2018-12-06T03:17:50Z</ctx:CreationTime>
      </ctx:CreationTimeExtension>
    </extensions>
  </wpt>
  <wpt lat="31.458300165832043" lon="-109.921220317482948">
    <ele>1756.562400000000025</ele>
    <time>2018-12-06T03:17:50Z</time>
    <name>Zac #257</name>
    <cmt>05-DEC-18 2:42:17PM</cmt>
    <desc>05-DEC-18 2:42:17PM</desc>
    <sym>City (Small)</sym>
    <type>user</type>
    <extensions>
      <gpxx:WaypointExtension>
        <gpxx:DisplayMode>SymbolOnly</gpxx:DisplayMode>
      </gpxx:WaypointExtension>
      <wptx1:WaypointExtension>
        <wptx1:DisplayMode>SymbolOnly</wptx1:DisplayMode>
      </wptx1:WaypointExtension>
      <ctx:CreationTimeExtension>
        <ctx:CreationTime>2018-12-06T03:17:50Z</ctx:CreationTime>
      </ctx:CreationTimeExtension>
    </extensions>
  </wpt>
  <wpt lat="31.458388091996312" lon="-109.921179413795471">
    <ele>1758.69600000000014</ele>
    <time>2018-12-06T03:17:50Z</time>
    <name>Zac #258</name>
    <cmt>05-DEC-18 2:43:45PM</cmt>
    <desc>05-DEC-18 2:43:45PM</desc>
    <sym>City (Small)</sym>
    <type>user</type>
    <extensions>
      <gpxx:WaypointExtension>
        <gpxx:DisplayMode>SymbolOnly</gpxx:DisplayMode>
      </gpxx:WaypointExtension>
      <wptx1:WaypointExtension>
        <wptx1:DisplayMode>SymbolOnly</wptx1:DisplayMode>
      </wptx1:WaypointExtension>
      <ctx:CreationTimeExtension>
        <ctx:CreationTime>2018-12-06T03:17:50Z</ctx:CreationTime>
      </ctx:CreationTimeExtension>
    </extensions>
  </wpt>
  <wpt lat="31.458466378971934" lon="-109.921156028285623">
    <ele>1760.220000000000027</ele>
    <time>2018-12-06T03:17:50Z</time>
    <name>Zac #259</name>
    <cmt>05-DEC-18 2:44:33PM</cmt>
    <desc>05-DEC-18 2:44:33PM</desc>
    <sym>City (Small)</sym>
    <type>user</type>
    <extensions>
      <gpxx:WaypointExtension>
        <gpxx:DisplayMode>SymbolOnly</gpxx:DisplayMode>
      </gpxx:WaypointExtension>
      <wptx1:WaypointExtension>
        <wptx1:DisplayMode>SymbolOnly</wptx1:DisplayMode>
      </wptx1:WaypointExtension>
      <ctx:CreationTimeExtension>
        <ctx:CreationTime>2018-12-06T03:17:50Z</ctx:CreationTime>
      </ctx:CreationTimeExtension>
    </extensions>
  </wpt>
  <wpt lat="31.453580902889371" lon="-109.916187487542629">
    <ele>1686.153600000000097</ele>
    <time>2018-09-22T01:33:37Z</time>
    <name>Zac #26</name>
    <cmt>02-SEP-18 12:11:00PM</cmt>
    <desc>02-SEP-18 12:11:00PM</desc>
    <sym>City (Small)</sym>
    <type>user</type>
    <extensions>
      <gpxx:WaypointExtension>
        <gpxx:DisplayMode>SymbolOnly</gpxx:DisplayMode>
      </gpxx:WaypointExtension>
      <wptx1:WaypointExtension>
        <wptx1:DisplayMode>SymbolOnly</wptx1:DisplayMode>
      </wptx1:WaypointExtension>
      <ctx:CreationTimeExtension>
        <ctx:CreationTime>2018-09-22T01:33:37Z</ctx:CreationTime>
      </ctx:CreationTimeExtension>
    </extensions>
  </wpt>
  <wpt lat="31.45857953466475" lon="-109.921185616403818">
    <ele>1761.744000000000142</ele>
    <time>2018-12-06T03:17:50Z</time>
    <name>Zac #260</name>
    <cmt>05-DEC-18 2:46:13PM</cmt>
    <desc>05-DEC-18 2:46:13PM</desc>
    <sym>City (Small)</sym>
    <type>user</type>
    <extensions>
      <gpxx:WaypointExtension>
        <gpxx:DisplayMode>SymbolOnly</gpxx:DisplayMode>
      </gpxx:WaypointExtension>
      <wptx1:WaypointExtension>
        <wptx1:DisplayMode>SymbolOnly</wptx1:DisplayMode>
      </wptx1:WaypointExtension>
      <ctx:CreationTimeExtension>
        <ctx:CreationTime>2018-12-06T03:17:50Z</ctx:CreationTime>
      </ctx:CreationTimeExtension>
    </extensions>
  </wpt>
  <wpt lat="31.458615157753229" lon="-109.92118033580482">
    <ele>1762.048800000000028</ele>
    <time>2018-12-06T03:17:50Z</time>
    <name>Zac #261</name>
    <cmt>05-DEC-18 2:47:18PM</cmt>
    <desc>05-DEC-18 2:47:18PM</desc>
    <sym>City (Small)</sym>
    <type>user</type>
    <extensions>
      <gpxx:WaypointExtension>
        <gpxx:DisplayMode>SymbolOnly</gpxx:DisplayMode>
      </gpxx:WaypointExtension>
      <wptx1:WaypointExtension>
        <wptx1:DisplayMode>SymbolOnly</wptx1:DisplayMode>
      </wptx1:WaypointExtension>
      <ctx:CreationTimeExtension>
        <ctx:CreationTime>2018-12-06T03:17:50Z</ctx:CreationTime>
      </ctx:CreationTimeExtension>
    </extensions>
  </wpt>
  <wpt lat="31.458694199100137" lon="-109.92112074047327">
    <ele>1764.48720000000003</ele>
    <time>2018-12-06T03:17:50Z</time>
    <name>Zac #262</name>
    <cmt>05-DEC-18 2:54:24PM</cmt>
    <desc>05-DEC-18 2:54:24PM</desc>
    <sym>City (Small)</sym>
    <type>user</type>
    <extensions>
      <gpxx:WaypointExtension>
        <gpxx:DisplayMode>SymbolOnly</gpxx:DisplayMode>
      </gpxx:WaypointExtension>
      <wptx1:WaypointExtension>
        <wptx1:DisplayMode>SymbolOnly</wptx1:DisplayMode>
      </wptx1:WaypointExtension>
      <ctx:CreationTimeExtension>
        <ctx:CreationTime>2018-12-06T03:17:50Z</ctx:CreationTime>
      </ctx:CreationTimeExtension>
    </extensions>
  </wpt>
  <wpt lat="31.45881456322968" lon="-109.921037843450904">
    <ele>1769.059200000000146</ele>
    <time>2018-12-06T03:17:50Z</time>
    <name>Zac #263</name>
    <cmt>05-DEC-18 2:57:34PM</cmt>
    <desc>05-DEC-18 2:57:34PM</desc>
    <sym>City (Small)</sym>
    <type>user</type>
    <extensions>
      <gpxx:WaypointExtension>
        <gpxx:DisplayMode>SymbolOnly</gpxx:DisplayMode>
      </gpxx:WaypointExtension>
      <wptx1:WaypointExtension>
        <wptx1:DisplayMode>SymbolOnly</wptx1:DisplayMode>
      </wptx1:WaypointExtension>
      <ctx:CreationTimeExtension>
        <ctx:CreationTime>2018-12-06T03:17:50Z</ctx:CreationTime>
      </ctx:CreationTimeExtension>
    </extensions>
  </wpt>
  <wpt lat="31.458874074742198" lon="-109.921100372448564">
    <ele>1772.107200000000148</ele>
    <time>2018-12-06T03:17:50Z</time>
    <name>Zac #264</name>
    <cmt>05-DEC-18 2:58:49PM</cmt>
    <desc>05-DEC-18 2:58:49PM</desc>
    <sym>City (Small)</sym>
    <type>user</type>
    <extensions>
      <gpxx:WaypointExtension>
        <gpxx:DisplayMode>SymbolOnly</gpxx:DisplayMode>
      </gpxx:WaypointExtension>
      <wptx1:WaypointExtension>
        <wptx1:DisplayMode>SymbolOnly</wptx1:DisplayMode>
      </wptx1:WaypointExtension>
      <ctx:CreationTimeExtension>
        <ctx:CreationTime>2018-12-06T03:17:50Z</ctx:CreationTime>
      </ctx:CreationTimeExtension>
    </extensions>
  </wpt>
  <wpt lat="31.458978680893779" lon="-109.921076651662588">
    <ele>1774.54560000000015</ele>
    <time>2018-12-06T03:17:50Z</time>
    <name>Zac #265</name>
    <cmt>05-DEC-18 3:00:14PM</cmt>
    <desc>05-DEC-18 3:00:14PM</desc>
    <sym>City (Small)</sym>
    <type>user</type>
    <extensions>
      <gpxx:WaypointExtension>
        <gpxx:DisplayMode>SymbolOnly</gpxx:DisplayMode>
      </gpxx:WaypointExtension>
      <wptx1:WaypointExtension>
        <wptx1:DisplayMode>SymbolOnly</wptx1:DisplayMode>
      </wptx1:WaypointExtension>
      <ctx:CreationTimeExtension>
        <ctx:CreationTime>2018-12-06T03:17:50Z</ctx:CreationTime>
      </ctx:CreationTimeExtension>
    </extensions>
  </wpt>
  <wpt lat="31.45905788987875" lon="-109.92106793448329">
    <ele>1777.288800000000037</ele>
    <time>2018-12-06T03:17:50Z</time>
    <name>Zac #266</name>
    <cmt>05-DEC-18 3:02:17PM</cmt>
    <desc>05-DEC-18 3:02:17PM</desc>
    <sym>City (Small)</sym>
    <type>user</type>
    <extensions>
      <gpxx:WaypointExtension>
        <gpxx:DisplayMode>SymbolOnly</gpxx:DisplayMode>
      </gpxx:WaypointExtension>
      <wptx1:WaypointExtension>
        <wptx1:DisplayMode>SymbolOnly</wptx1:DisplayMode>
      </wptx1:WaypointExtension>
      <ctx:CreationTimeExtension>
        <ctx:CreationTime>2018-12-06T03:17:50Z</ctx:CreationTime>
      </ctx:CreationTimeExtension>
    </extensions>
  </wpt>
  <wpt lat="31.459106588736176" lon="-109.921102384105325">
    <ele>1780.336800000000039</ele>
    <time>2018-12-06T03:17:50Z</time>
    <name>Zac #267</name>
    <cmt>05-DEC-18 3:04:01PM</cmt>
    <desc>05-DEC-18 3:04:01PM</desc>
    <sym>City (Small)</sym>
    <type>user</type>
    <extensions>
      <gpxx:WaypointExtension>
        <gpxx:DisplayMode>SymbolOnly</gpxx:DisplayMode>
      </gpxx:WaypointExtension>
      <wptx1:WaypointExtension>
        <wptx1:DisplayMode>SymbolOnly</wptx1:DisplayMode>
      </wptx1:WaypointExtension>
      <ctx:CreationTimeExtension>
        <ctx:CreationTime>2018-12-06T03:17:50Z</ctx:CreationTime>
      </ctx:CreationTimeExtension>
    </extensions>
  </wpt>
  <wpt lat="31.459236675873399" lon="-109.921075059100986">
    <ele>1780.336800000000039</ele>
    <time>2018-12-06T03:17:50Z</time>
    <name>Zac #268</name>
    <cmt>05-DEC-18 3:05:42PM</cmt>
    <desc>05-DEC-18 3:05:42PM</desc>
    <sym>City (Small)</sym>
    <type>user</type>
    <extensions>
      <gpxx:WaypointExtension>
        <gpxx:DisplayMode>SymbolOnly</gpxx:DisplayMode>
      </gpxx:WaypointExtension>
      <wptx1:WaypointExtension>
        <wptx1:DisplayMode>SymbolOnly</wptx1:DisplayMode>
      </wptx1:WaypointExtension>
      <ctx:CreationTimeExtension>
        <ctx:CreationTime>2018-12-06T03:17:50Z</ctx:CreationTime>
      </ctx:CreationTimeExtension>
    </extensions>
  </wpt>
  <wpt lat="31.459304736927152" lon="-109.921056032180786">
    <ele>1776.374400000000151</ele>
    <time>2019-01-15T21:42:58Z</time>
    <name>Zac #269</name>
    <cmt>15-JAN-19 12:50:18PM</cmt>
    <desc>15-JAN-19 12:50:18PM</desc>
    <sym>City (Small)</sym>
    <type>user</type>
    <extensions>
      <gpxx:WaypointExtension>
        <gpxx:DisplayMode>SymbolOnly</gpxx:DisplayMode>
      </gpxx:WaypointExtension>
      <wptx1:WaypointExtension>
        <wptx1:DisplayMode>SymbolOnly</wptx1:DisplayMode>
      </wptx1:WaypointExtension>
      <ctx:CreationTimeExtension>
        <ctx:CreationTime>2019-01-15T21:42:58Z</ctx:CreationTime>
      </ctx:CreationTimeExtension>
    </extensions>
  </wpt>
  <wpt lat="31.459372881799936" lon="-109.921034071594477">
    <ele>1781.55600000000004</ele>
    <time>2019-01-15T21:42:58Z</time>
    <name>Zac #270</name>
    <cmt>15-JAN-19 12:55:14PM</cmt>
    <desc>15-JAN-19 12:55:14PM</desc>
    <sym>City (Small)</sym>
    <type>user</type>
    <extensions>
      <gpxx:WaypointExtension>
        <gpxx:DisplayMode>SymbolOnly</gpxx:DisplayMode>
      </gpxx:WaypointExtension>
      <wptx1:WaypointExtension>
        <wptx1:DisplayMode>SymbolOnly</wptx1:DisplayMode>
      </wptx1:WaypointExtension>
      <ctx:CreationTimeExtension>
        <ctx:CreationTime>2019-01-15T21:42:58Z</ctx:CreationTime>
      </ctx:CreationTimeExtension>
    </extensions>
  </wpt>
  <wpt lat="31.459429627284408" lon="-109.920988054946065">
    <ele>1783.384800000000041</ele>
    <time>2019-01-15T21:42:58Z</time>
    <name>Zac #271</name>
    <cmt>15-JAN-19 12:55:35PM</cmt>
    <desc>15-JAN-19 12:55:35PM</desc>
    <sym>City (Small)</sym>
    <type>user</type>
    <extensions>
      <gpxx:WaypointExtension>
        <gpxx:DisplayMode>SymbolOnly</gpxx:DisplayMode>
      </gpxx:WaypointExtension>
      <wptx1:WaypointExtension>
        <wptx1:DisplayMode>SymbolOnly</wptx1:DisplayMode>
      </wptx1:WaypointExtension>
      <ctx:CreationTimeExtension>
        <ctx:CreationTime>2019-01-15T21:42:58Z</ctx:CreationTime>
      </ctx:CreationTimeExtension>
    </extensions>
  </wpt>
  <wpt lat="31.459607072174549" lon="-109.921050332486629">
    <ele>1791.61440000000016</ele>
    <time>2019-01-15T21:42:58Z</time>
    <name>Zac #272</name>
    <cmt>15-JAN-19 12:58:58PM</cmt>
    <desc>15-JAN-19 12:58:58PM</desc>
    <sym>City (Small)</sym>
    <type>user</type>
    <extensions>
      <gpxx:WaypointExtension>
        <gpxx:DisplayMode>SymbolOnly</gpxx:DisplayMode>
      </gpxx:WaypointExtension>
      <wptx1:WaypointExtension>
        <wptx1:DisplayMode>SymbolOnly</wptx1:DisplayMode>
      </wptx1:WaypointExtension>
      <ctx:CreationTimeExtension>
        <ctx:CreationTime>2019-01-15T21:42:58Z</ctx:CreationTime>
      </ctx:CreationTimeExtension>
    </extensions>
  </wpt>
  <wpt lat="31.459673121571541" lon="-109.921056283637881">
    <ele>1799.234400000000051</ele>
    <time>2019-01-15T21:42:58Z</time>
    <name>Zac #273</name>
    <cmt>15-JAN-19 1:01:04PM</cmt>
    <desc>15-JAN-19 1:01:04PM</desc>
    <sym>City (Small)</sym>
    <type>user</type>
    <extensions>
      <gpxx:WaypointExtension>
        <gpxx:DisplayMode>SymbolOnly</gpxx:DisplayMode>
      </gpxx:WaypointExtension>
      <wptx1:WaypointExtension>
        <wptx1:DisplayMode>SymbolOnly</wptx1:DisplayMode>
      </wptx1:WaypointExtension>
      <ctx:CreationTimeExtension>
        <ctx:CreationTime>2019-01-15T21:42:58Z</ctx:CreationTime>
      </ctx:CreationTimeExtension>
    </extensions>
  </wpt>
  <wpt lat="31.45981527864933" lon="-109.921522233635187">
    <ele>1811.121600000000171</ele>
    <time>2019-01-15T21:42:58Z</time>
    <name>Zac #274</name>
    <cmt>15-JAN-19 1:07:38PM</cmt>
    <desc>15-JAN-19 1:07:38PM</desc>
    <sym>City (Small)</sym>
    <type>user</type>
    <extensions>
      <gpxx:WaypointExtension>
        <gpxx:DisplayMode>SymbolOnly</gpxx:DisplayMode>
      </gpxx:WaypointExtension>
      <wptx1:WaypointExtension>
        <wptx1:DisplayMode>SymbolOnly</wptx1:DisplayMode>
      </wptx1:WaypointExtension>
      <ctx:CreationTimeExtension>
        <ctx:CreationTime>2019-01-15T21:42:58Z</ctx:CreationTime>
      </ctx:CreationTimeExtension>
    </extensions>
  </wpt>
  <wpt lat="31.459748977795243" lon="-109.921531034633517">
    <ele>1808.988000000000056</ele>
    <time>2019-01-15T21:42:58Z</time>
    <name>Zac #275</name>
    <cmt>15-JAN-19 1:09:54PM</cmt>
    <desc>15-JAN-19 1:09:54PM</desc>
    <sym>City (Small)</sym>
    <type>user</type>
    <extensions>
      <gpxx:WaypointExtension>
        <gpxx:DisplayMode>SymbolOnly</gpxx:DisplayMode>
      </gpxx:WaypointExtension>
      <wptx1:WaypointExtension>
        <wptx1:DisplayMode>SymbolOnly</wptx1:DisplayMode>
      </wptx1:WaypointExtension>
      <ctx:CreationTimeExtension>
        <ctx:CreationTime>2019-01-15T21:42:58Z</ctx:CreationTime>
      </ctx:CreationTimeExtension>
    </extensions>
  </wpt>
  <wpt lat="31.459894152358174" lon="-109.921713173389435">
    <ele>1816.608000000000175</ele>
    <time>2019-01-15T21:42:58Z</time>
    <name>Zac #276</name>
    <cmt>15-JAN-19 1:13:42PM</cmt>
    <desc>15-JAN-19 1:13:42PM</desc>
    <sym>City (Small)</sym>
    <type>user</type>
    <extensions>
      <gpxx:WaypointExtension>
        <gpxx:DisplayMode>SymbolOnly</gpxx:DisplayMode>
      </gpxx:WaypointExtension>
      <wptx1:WaypointExtension>
        <wptx1:DisplayMode>SymbolOnly</wptx1:DisplayMode>
      </wptx1:WaypointExtension>
      <ctx:CreationTimeExtension>
        <ctx:CreationTime>2019-01-15T21:42:58Z</ctx:CreationTime>
      </ctx:CreationTimeExtension>
    </extensions>
  </wpt>
  <wpt lat="31.459786780178547" lon="-109.921647626906633">
    <ele>1812.950400000000172</ele>
    <time>2019-01-15T21:42:58Z</time>
    <name>Zac #277</name>
    <cmt>15-JAN-19 1:15:23PM</cmt>
    <desc>15-JAN-19 1:15:23PM</desc>
    <sym>City (Small)</sym>
    <type>user</type>
    <extensions>
      <gpxx:WaypointExtension>
        <gpxx:DisplayMode>SymbolOnly</gpxx:DisplayMode>
      </gpxx:WaypointExtension>
      <wptx1:WaypointExtension>
        <wptx1:DisplayMode>SymbolOnly</wptx1:DisplayMode>
      </wptx1:WaypointExtension>
      <ctx:CreationTimeExtension>
        <ctx:CreationTime>2019-01-15T21:42:58Z</ctx:CreationTime>
      </ctx:CreationTimeExtension>
    </extensions>
  </wpt>
  <wpt lat="31.459618220105767" lon="-109.921533465385437">
    <ele>1802.587200000000166</ele>
    <time>2019-01-15T21:42:58Z</time>
    <name>Zac #278</name>
    <cmt>15-JAN-19 1:19:19PM</cmt>
    <desc>15-JAN-19 1:19:19PM</desc>
    <sym>City (Small)</sym>
    <type>user</type>
    <extensions>
      <gpxx:WaypointExtension>
        <gpxx:DisplayMode>SymbolOnly</gpxx:DisplayMode>
      </gpxx:WaypointExtension>
      <wptx1:WaypointExtension>
        <wptx1:DisplayMode>SymbolOnly</wptx1:DisplayMode>
      </wptx1:WaypointExtension>
      <ctx:CreationTimeExtension>
        <ctx:CreationTime>2019-01-15T21:42:58Z</ctx:CreationTime>
      </ctx:CreationTimeExtension>
    </extensions>
  </wpt>
  <wpt lat="31.459469608962536" lon="-109.92142952978611">
    <ele>1795.881600000000162</ele>
    <time>2019-01-15T21:42:58Z</time>
    <name>Zac #279</name>
    <cmt>15-JAN-19 1:22:24PM</cmt>
    <desc>15-JAN-19 1:22:24PM</desc>
    <sym>City (Small)</sym>
    <type>user</type>
    <extensions>
      <gpxx:WaypointExtension>
        <gpxx:DisplayMode>SymbolOnly</gpxx:DisplayMode>
      </gpxx:WaypointExtension>
      <wptx1:WaypointExtension>
        <wptx1:DisplayMode>SymbolOnly</wptx1:DisplayMode>
      </wptx1:WaypointExtension>
      <ctx:CreationTimeExtension>
        <ctx:CreationTime>2019-01-15T21:42:58Z</ctx:CreationTime>
      </ctx:CreationTimeExtension>
    </extensions>
  </wpt>
  <wpt lat="31.453602528199553" lon="-109.916169717907906">
    <ele>1689.811200000000099</ele>
    <time>2018-09-22T01:33:37Z</time>
    <name>Zac #28</name>
    <cmt>02-SEP-18 12:15:54PM</cmt>
    <desc>02-SEP-18 12:15:54PM</desc>
    <sym>City (Small)</sym>
    <type>user</type>
    <extensions>
      <gpxx:WaypointExtension>
        <gpxx:DisplayMode>SymbolOnly</gpxx:DisplayMode>
      </gpxx:WaypointExtension>
      <wptx1:WaypointExtension>
        <wptx1:DisplayMode>SymbolOnly</wptx1:DisplayMode>
      </wptx1:WaypointExtension>
      <ctx:CreationTimeExtension>
        <ctx:CreationTime>2018-09-22T01:33:37Z</ctx:CreationTime>
      </ctx:CreationTimeExtension>
    </extensions>
  </wpt>
  <wpt lat="31.459390902891755" lon="-109.921329701319337">
    <ele>1790.090400000000045</ele>
    <time>2019-01-15T21:42:58Z</time>
    <name>Zac #280</name>
    <cmt>15-JAN-19 1:25:28PM</cmt>
    <desc>15-JAN-19 1:25:28PM</desc>
    <sym>City (Small)</sym>
    <type>user</type>
    <extensions>
      <gpxx:WaypointExtension>
        <gpxx:DisplayMode>SymbolOnly</gpxx:DisplayMode>
      </gpxx:WaypointExtension>
      <wptx1:WaypointExtension>
        <wptx1:DisplayMode>SymbolOnly</wptx1:DisplayMode>
      </wptx1:WaypointExtension>
      <ctx:CreationTimeExtension>
        <ctx:CreationTime>2019-01-15T21:42:58Z</ctx:CreationTime>
      </ctx:CreationTimeExtension>
    </extensions>
  </wpt>
  <wpt lat="31.459255451336503" lon="-109.921179246157408">
    <ele>1781.860800000000154</ele>
    <time>2019-01-15T21:42:58Z</time>
    <name>Zac #281</name>
    <cmt>15-JAN-19 1:28:50PM</cmt>
    <desc>15-JAN-19 1:28:50PM</desc>
    <sym>City (Small)</sym>
    <type>user</type>
    <extensions>
      <gpxx:WaypointExtension>
        <gpxx:DisplayMode>SymbolOnly</gpxx:DisplayMode>
      </gpxx:WaypointExtension>
      <wptx1:WaypointExtension>
        <wptx1:DisplayMode>SymbolOnly</wptx1:DisplayMode>
      </wptx1:WaypointExtension>
      <ctx:CreationTimeExtension>
        <ctx:CreationTime>2019-01-15T21:42:58Z</ctx:CreationTime>
      </ctx:CreationTimeExtension>
    </extensions>
  </wpt>
  <wpt lat="31.45923919044435" lon="-109.921176144853234">
    <ele>1780.94640000000004</ele>
    <time>2019-01-15T21:42:58Z</time>
    <name>Zac #282</name>
    <cmt>15-JAN-19 1:29:59PM</cmt>
    <desc>15-JAN-19 1:29:59PM</desc>
    <sym>City (Small)</sym>
    <type>user</type>
    <extensions>
      <gpxx:WaypointExtension>
        <gpxx:DisplayMode>SymbolOnly</gpxx:DisplayMode>
      </gpxx:WaypointExtension>
      <wptx1:WaypointExtension>
        <wptx1:DisplayMode>SymbolOnly</wptx1:DisplayMode>
      </wptx1:WaypointExtension>
      <ctx:CreationTimeExtension>
        <ctx:CreationTime>2019-01-15T21:42:58Z</ctx:CreationTime>
      </ctx:CreationTimeExtension>
    </extensions>
  </wpt>
  <wpt lat="31.458346517756581" lon="-109.921626169234514">
    <ele>1767.230400000000145</ele>
    <time>2019-01-15T21:42:58Z</time>
    <name>Zac #283</name>
    <cmt>15-JAN-19 1:36:50PM</cmt>
    <desc>15-JAN-19 1:36:50PM</desc>
    <sym>City (Small)</sym>
    <type>user</type>
    <extensions>
      <gpxx:WaypointExtension>
        <gpxx:DisplayMode>SymbolOnly</gpxx:DisplayMode>
      </gpxx:WaypointExtension>
      <wptx1:WaypointExtension>
        <wptx1:DisplayMode>SymbolOnly</wptx1:DisplayMode>
      </wptx1:WaypointExtension>
      <ctx:CreationTimeExtension>
        <ctx:CreationTime>2019-01-15T21:42:58Z</ctx:CreationTime>
      </ctx:CreationTimeExtension>
    </extensions>
  </wpt>
  <wpt lat="31.458705766126513" lon="-109.923994224518538">
    <ele>1796.491200000000163</ele>
    <time>2019-12-04T16:31:07Z</time>
    <name>Zac #284</name>
    <cmt>21-JAN-19 2:52:39PM</cmt>
    <desc>21-JAN-19 2:52:39PM</desc>
    <sym>City (Small)</sym>
    <type>user</type>
    <extensions>
      <gpxx:WaypointExtension>
        <gpxx:DisplayMode>SymbolOnly</gpxx:DisplayMode>
      </gpxx:WaypointExtension>
      <wptx1:WaypointExtension>
        <wptx1:DisplayMode>SymbolOnly</wptx1:DisplayMode>
      </wptx1:WaypointExtension>
      <ctx:CreationTimeExtension>
        <ctx:CreationTime>2019-12-04T16:31:07Z</ctx:CreationTime>
      </ctx:CreationTimeExtension>
    </extensions>
  </wpt>
  <wpt lat="31.458822442218661" lon="-109.924047533422709">
    <ele>1796.796000000000049</ele>
    <time>2019-12-04T16:31:07Z</time>
    <name>Zac #285</name>
    <cmt>21-JAN-19 2:54:59PM</cmt>
    <desc>21-JAN-19 2:54:59PM</desc>
    <sym>City (Small)</sym>
    <type>user</type>
    <extensions>
      <gpxx:WaypointExtension>
        <gpxx:DisplayMode>SymbolOnly</gpxx:DisplayMode>
      </gpxx:WaypointExtension>
      <wptx1:WaypointExtension>
        <wptx1:DisplayMode>SymbolOnly</wptx1:DisplayMode>
      </wptx1:WaypointExtension>
      <ctx:CreationTimeExtension>
        <ctx:CreationTime>2019-12-04T16:31:07Z</ctx:CreationTime>
      </ctx:CreationTimeExtension>
    </extensions>
  </wpt>
  <wpt lat="31.458849431946874" lon="-109.924195725470781">
    <ele>1801.977600000000166</ele>
    <time>2019-12-04T16:31:07Z</time>
    <name>Zac #286</name>
    <cmt>21-JAN-19 2:58:36PM</cmt>
    <desc>21-JAN-19 2:58:36PM</desc>
    <sym>City (Small)</sym>
    <type>user</type>
    <extensions>
      <gpxx:WaypointExtension>
        <gpxx:DisplayMode>SymbolOnly</gpxx:DisplayMode>
      </gpxx:WaypointExtension>
      <wptx1:WaypointExtension>
        <wptx1:DisplayMode>SymbolOnly</wptx1:DisplayMode>
      </wptx1:WaypointExtension>
      <ctx:CreationTimeExtension>
        <ctx:CreationTime>2019-12-04T16:31:07Z</ctx:CreationTime>
      </ctx:CreationTimeExtension>
    </extensions>
  </wpt>
  <wpt lat="31.458959067240357" lon="-109.924286585301161">
    <ele>1805.025600000000168</ele>
    <time>2019-01-22T17:25:26Z</time>
    <name>Zac #287</name>
    <cmt>21-JAN-19 2:59:06PM</cmt>
    <desc>21-JAN-19 2:59:06PM</desc>
    <sym>City (Small)</sym>
    <type>user</type>
    <extensions>
      <gpxx:WaypointExtension>
        <gpxx:DisplayMode>SymbolOnly</gpxx:DisplayMode>
      </gpxx:WaypointExtension>
      <wptx1:WaypointExtension>
        <wptx1:DisplayMode>SymbolOnly</wptx1:DisplayMode>
      </wptx1:WaypointExtension>
      <ctx:CreationTimeExtension>
        <ctx:CreationTime>2019-01-22T17:25:26Z</ctx:CreationTime>
      </ctx:CreationTimeExtension>
    </extensions>
  </wpt>
  <wpt lat="31.459088902920485" lon="-109.924470065161586">
    <ele>1806.549600000000055</ele>
    <time>2019-12-04T16:31:07Z</time>
    <name>Zac #288</name>
    <cmt>21-JAN-19 3:00:38PM</cmt>
    <desc>21-JAN-19 3:00:38PM</desc>
    <sym>City (Small)</sym>
    <type>user</type>
    <extensions>
      <gpxx:WaypointExtension>
        <gpxx:DisplayMode>SymbolOnly</gpxx:DisplayMode>
      </gpxx:WaypointExtension>
      <wptx1:WaypointExtension>
        <wptx1:DisplayMode>SymbolOnly</wptx1:DisplayMode>
      </wptx1:WaypointExtension>
      <ctx:CreationTimeExtension>
        <ctx:CreationTime>2019-12-04T16:31:07Z</ctx:CreationTime>
      </ctx:CreationTimeExtension>
    </extensions>
  </wpt>
  <wpt lat="31.45930515602231" lon="-109.924701824784279">
    <ele>1818.132000000000062</ele>
    <time>2019-12-04T16:31:07Z</time>
    <name>Zac #289</name>
    <cmt>21-JAN-19 3:02:47PM</cmt>
    <desc>21-JAN-19 3:02:47PM</desc>
    <sym>City (Small)</sym>
    <type>user</type>
    <extensions>
      <gpxx:WaypointExtension>
        <gpxx:DisplayMode>SymbolOnly</gpxx:DisplayMode>
      </gpxx:WaypointExtension>
      <wptx1:WaypointExtension>
        <wptx1:DisplayMode>SymbolOnly</wptx1:DisplayMode>
      </wptx1:WaypointExtension>
      <ctx:CreationTimeExtension>
        <ctx:CreationTime>2019-12-04T16:31:07Z</ctx:CreationTime>
      </ctx:CreationTimeExtension>
    </extensions>
  </wpt>
  <wpt lat="31.453637480735779" lon="-109.915980873629451">
    <ele>1691.944799999999987</ele>
    <time>2018-09-22T01:33:37Z</time>
    <name>Zac #29</name>
    <cmt>02-SEP-18 12:17:33PM</cmt>
    <desc>02-SEP-18 12:17:33PM</desc>
    <sym>City (Small)</sym>
    <type>user</type>
    <extensions>
      <gpxx:WaypointExtension>
        <gpxx:DisplayMode>SymbolOnly</gpxx:DisplayMode>
      </gpxx:WaypointExtension>
      <wptx1:WaypointExtension>
        <wptx1:DisplayMode>SymbolOnly</wptx1:DisplayMode>
      </wptx1:WaypointExtension>
      <ctx:CreationTimeExtension>
        <ctx:CreationTime>2018-09-22T01:33:37Z</ctx:CreationTime>
      </ctx:CreationTimeExtension>
    </extensions>
  </wpt>
  <wpt lat="31.459413869306445" lon="-109.924765191972256">
    <ele>1821.484800000000178</ele>
    <time>2019-12-04T16:31:07Z</time>
    <name>Zac #290</name>
    <cmt>21-JAN-19 3:05:02PM</cmt>
    <desc>21-JAN-19 3:05:02PM</desc>
    <sym>City (Small)</sym>
    <type>user</type>
    <extensions>
      <gpxx:WaypointExtension>
        <gpxx:DisplayMode>SymbolOnly</gpxx:DisplayMode>
      </gpxx:WaypointExtension>
      <wptx1:WaypointExtension>
        <wptx1:DisplayMode>SymbolOnly</wptx1:DisplayMode>
      </wptx1:WaypointExtension>
      <ctx:CreationTimeExtension>
        <ctx:CreationTime>2019-12-04T16:31:07Z</ctx:CreationTime>
      </ctx:CreationTimeExtension>
    </extensions>
  </wpt>
  <wpt lat="31.459562480449677" lon="-109.924727808684111">
    <ele>1827.885600000000068</ele>
    <time>2019-12-04T16:31:07Z</time>
    <name>Zac #291</name>
    <cmt>21-JAN-19 3:06:50PM</cmt>
    <desc>21-JAN-19 3:06:50PM</desc>
    <sym>City (Small)</sym>
    <type>user</type>
    <extensions>
      <gpxx:WaypointExtension>
        <gpxx:DisplayMode>SymbolOnly</gpxx:DisplayMode>
      </gpxx:WaypointExtension>
      <wptx1:WaypointExtension>
        <wptx1:DisplayMode>SymbolOnly</wptx1:DisplayMode>
      </wptx1:WaypointExtension>
      <ctx:CreationTimeExtension>
        <ctx:CreationTime>2019-12-04T16:31:07Z</ctx:CreationTime>
      </ctx:CreationTimeExtension>
    </extensions>
  </wpt>
  <wpt lat="31.459720646962523" lon="-109.924830654636025">
    <ele>1824.837600000000066</ele>
    <time>2019-12-04T16:31:07Z</time>
    <name>Zac #292</name>
    <cmt>21-JAN-19 3:08:05PM</cmt>
    <desc>21-JAN-19 3:08:05PM</desc>
    <sym>City (Small)</sym>
    <type>user</type>
    <extensions>
      <gpxx:WaypointExtension>
        <gpxx:DisplayMode>SymbolOnly</gpxx:DisplayMode>
      </gpxx:WaypointExtension>
      <wptx1:WaypointExtension>
        <wptx1:DisplayMode>SymbolOnly</wptx1:DisplayMode>
      </wptx1:WaypointExtension>
      <ctx:CreationTimeExtension>
        <ctx:CreationTime>2019-12-04T16:31:07Z</ctx:CreationTime>
      </ctx:CreationTimeExtension>
    </extensions>
  </wpt>
  <wpt lat="31.459869341924787" lon="-109.924905756488442">
    <ele>1825.75200000000018</ele>
    <time>2019-12-04T16:31:07Z</time>
    <name>Zac #293</name>
    <cmt>21-JAN-19 3:09:40PM</cmt>
    <desc>21-JAN-19 3:09:40PM</desc>
    <sym>City (Small)</sym>
    <type>user</type>
    <extensions>
      <gpxx:WaypointExtension>
        <gpxx:DisplayMode>SymbolOnly</gpxx:DisplayMode>
      </gpxx:WaypointExtension>
      <wptx1:WaypointExtension>
        <wptx1:DisplayMode>SymbolOnly</wptx1:DisplayMode>
      </wptx1:WaypointExtension>
      <ctx:CreationTimeExtension>
        <ctx:CreationTime>2019-12-04T16:31:07Z</ctx:CreationTime>
      </ctx:CreationTimeExtension>
    </extensions>
  </wpt>
  <wpt lat="31.459918795153499" lon="-109.924922855570912">
    <ele>1829.409600000000182</ele>
    <time>2019-12-04T16:31:07Z</time>
    <name>Zac #294</name>
    <cmt>21-JAN-19 3:10:49PM</cmt>
    <desc>21-JAN-19 3:10:49PM</desc>
    <sym>City (Small)</sym>
    <type>user</type>
    <extensions>
      <gpxx:WaypointExtension>
        <gpxx:DisplayMode>SymbolOnly</gpxx:DisplayMode>
      </gpxx:WaypointExtension>
      <wptx1:WaypointExtension>
        <wptx1:DisplayMode>SymbolOnly</wptx1:DisplayMode>
      </wptx1:WaypointExtension>
      <ctx:CreationTimeExtension>
        <ctx:CreationTime>2019-12-04T16:31:07Z</ctx:CreationTime>
      </ctx:CreationTimeExtension>
    </extensions>
  </wpt>
  <wpt lat="31.460005631670356" lon="-109.92492713034153">
    <ele>1826.666400000000067</ele>
    <time>2019-12-04T16:31:07Z</time>
    <name>Zac #295</name>
    <cmt>21-JAN-19 3:11:06PM</cmt>
    <desc>21-JAN-19 3:11:06PM</desc>
    <sym>City (Small)</sym>
    <type>user</type>
    <extensions>
      <gpxx:WaypointExtension>
        <gpxx:DisplayMode>SymbolOnly</gpxx:DisplayMode>
      </gpxx:WaypointExtension>
      <wptx1:WaypointExtension>
        <wptx1:DisplayMode>SymbolOnly</wptx1:DisplayMode>
      </wptx1:WaypointExtension>
      <ctx:CreationTimeExtension>
        <ctx:CreationTime>2019-12-04T16:31:07Z</ctx:CreationTime>
      </ctx:CreationTimeExtension>
    </extensions>
  </wpt>
  <wpt lat="31.460100179538131" lon="-109.924964848905802">
    <ele>1824.837600000000066</ele>
    <time>2019-12-04T16:31:07Z</time>
    <name>Zac #296</name>
    <cmt>21-JAN-19 3:12:23PM</cmt>
    <desc>21-JAN-19 3:12:23PM</desc>
    <sym>City (Small)</sym>
    <type>user</type>
    <extensions>
      <gpxx:WaypointExtension>
        <gpxx:DisplayMode>SymbolOnly</gpxx:DisplayMode>
      </gpxx:WaypointExtension>
      <wptx1:WaypointExtension>
        <wptx1:DisplayMode>SymbolOnly</wptx1:DisplayMode>
      </wptx1:WaypointExtension>
      <ctx:CreationTimeExtension>
        <ctx:CreationTime>2019-12-04T16:31:07Z</ctx:CreationTime>
      </ctx:CreationTimeExtension>
    </extensions>
  </wpt>
  <wpt lat="31.460183328017592" lon="-109.924967531114817">
    <ele>1829.409600000000182</ele>
    <time>2019-12-04T16:31:07Z</time>
    <name>Zac #297</name>
    <cmt>21-JAN-19 3:13:29PM</cmt>
    <desc>21-JAN-19 3:13:29PM</desc>
    <sym>City (Small)</sym>
    <type>user</type>
    <extensions>
      <gpxx:WaypointExtension>
        <gpxx:DisplayMode>SymbolOnly</gpxx:DisplayMode>
      </gpxx:WaypointExtension>
      <wptx1:WaypointExtension>
        <wptx1:DisplayMode>SymbolOnly</wptx1:DisplayMode>
      </wptx1:WaypointExtension>
      <ctx:CreationTimeExtension>
        <ctx:CreationTime>2019-12-04T16:31:07Z</ctx:CreationTime>
      </ctx:CreationTimeExtension>
    </extensions>
  </wpt>
  <wpt lat="31.460488345474005" lon="-109.924993012100458">
    <ele>1830.628800000000183</ele>
    <time>2019-12-04T16:31:07Z</time>
    <name>Zac #298</name>
    <cmt>21-JAN-19 3:18:50PM</cmt>
    <desc>21-JAN-19 3:18:50PM</desc>
    <sym>City (Small)</sym>
    <type>user</type>
    <extensions>
      <gpxx:WaypointExtension>
        <gpxx:DisplayMode>SymbolOnly</gpxx:DisplayMode>
      </gpxx:WaypointExtension>
      <wptx1:WaypointExtension>
        <wptx1:DisplayMode>SymbolOnly</wptx1:DisplayMode>
      </wptx1:WaypointExtension>
      <ctx:CreationTimeExtension>
        <ctx:CreationTime>2019-12-04T16:31:07Z</ctx:CreationTime>
      </ctx:CreationTimeExtension>
    </extensions>
  </wpt>
  <wpt lat="31.46068355999887" lon="-109.924948839470744">
    <ele>1840.077600000000075</ele>
    <time>2019-12-04T16:31:07Z</time>
    <name>Zac #299</name>
    <cmt>21-JAN-19 3:21:11PM</cmt>
    <desc>21-JAN-19 3:21:11PM</desc>
    <sym>City (Small)</sym>
    <type>user</type>
    <extensions>
      <gpxx:WaypointExtension>
        <gpxx:DisplayMode>SymbolOnly</gpxx:DisplayMode>
      </gpxx:WaypointExtension>
      <wptx1:WaypointExtension>
        <wptx1:DisplayMode>SymbolOnly</wptx1:DisplayMode>
      </wptx1:WaypointExtension>
      <ctx:CreationTimeExtension>
        <ctx:CreationTime>2019-12-04T16:31:07Z</ctx:CreationTime>
      </ctx:CreationTimeExtension>
    </extensions>
  </wpt>
  <wpt lat="31.450571715831757" lon="-109.915755651891232">
    <ele>1629.460800000000063</ele>
    <time>2018-09-22T01:33:37Z</time>
    <name>Zac #3</name>
    <cmt>02-SEP-18 11:11:02AM</cmt>
    <desc>02-SEP-18 11:11:02AM</desc>
    <sym>City (Small)</sym>
    <type>user</type>
    <extensions>
      <gpxx:WaypointExtension>
        <gpxx:DisplayMode>SymbolOnly</gpxx:DisplayMode>
      </gpxx:WaypointExtension>
      <wptx1:WaypointExtension>
        <wptx1:DisplayMode>SymbolOnly</wptx1:DisplayMode>
      </wptx1:WaypointExtension>
      <ctx:CreationTimeExtension>
        <ctx:CreationTime>2018-09-22T01:33:37Z</ctx:CreationTime>
      </ctx:CreationTimeExtension>
    </extensions>
  </wpt>
  <wpt lat="31.453732280060649" lon="-109.915873249992728">
    <ele>1694.383199999999988</ele>
    <time>2018-09-22T01:33:37Z</time>
    <name>Zac #30</name>
    <cmt>02-SEP-18 12:20:37PM</cmt>
    <desc>02-SEP-18 12:20:37PM</desc>
    <sym>City (Small)</sym>
    <type>user</type>
    <extensions>
      <gpxx:WaypointExtension>
        <gpxx:DisplayMode>SymbolOnly</gpxx:DisplayMode>
      </gpxx:WaypointExtension>
      <wptx1:WaypointExtension>
        <wptx1:DisplayMode>SymbolOnly</wptx1:DisplayMode>
      </wptx1:WaypointExtension>
      <ctx:CreationTimeExtension>
        <ctx:CreationTime>2018-09-22T01:33:37Z</ctx:CreationTime>
      </ctx:CreationTimeExtension>
    </extensions>
  </wpt>
  <wpt lat="31.460888413712382" lon="-109.925346728414297">
    <ele>1848.00240000000008</ele>
    <time>2019-01-22T17:25:26Z</time>
    <name>Zac #300</name>
    <cmt>21-JAN-19 3:26:28PM</cmt>
    <desc>21-JAN-19 3:26:28PM</desc>
    <sym>City (Small)</sym>
    <type>user</type>
    <extensions>
      <gpxx:WaypointExtension>
        <gpxx:DisplayMode>SymbolOnly</gpxx:DisplayMode>
      </gpxx:WaypointExtension>
      <wptx1:WaypointExtension>
        <wptx1:DisplayMode>SymbolOnly</wptx1:DisplayMode>
      </wptx1:WaypointExtension>
      <ctx:CreationTimeExtension>
        <ctx:CreationTime>2019-01-22T17:25:26Z</ctx:CreationTime>
      </ctx:CreationTimeExtension>
    </extensions>
  </wpt>
  <wpt lat="31.460555903613567" lon="-109.925170121714473">
    <ele>1836.420000000000073</ele>
    <time>2019-12-04T16:31:07Z</time>
    <name>Zac #301</name>
    <cmt>21-JAN-19 3:31:52PM</cmt>
    <desc>21-JAN-19 3:31:52PM</desc>
    <sym>City (Small)</sym>
    <type>user</type>
    <extensions>
      <gpxx:WaypointExtension>
        <gpxx:DisplayMode>SymbolOnly</gpxx:DisplayMode>
      </gpxx:WaypointExtension>
      <wptx1:WaypointExtension>
        <wptx1:DisplayMode>SymbolOnly</wptx1:DisplayMode>
      </wptx1:WaypointExtension>
      <ctx:CreationTimeExtension>
        <ctx:CreationTime>2019-12-04T16:31:07Z</ctx:CreationTime>
      </ctx:CreationTimeExtension>
    </extensions>
  </wpt>
  <wpt lat="31.460203025490046" lon="-109.925247402861714">
    <ele>1830.628800000000183</ele>
    <time>2019-12-04T16:31:07Z</time>
    <name>Zac #302</name>
    <cmt>21-JAN-19 3:40:11PM</cmt>
    <desc>21-JAN-19 3:40:11PM</desc>
    <sym>City (Small)</sym>
    <type>user</type>
    <extensions>
      <gpxx:WaypointExtension>
        <gpxx:DisplayMode>SymbolOnly</gpxx:DisplayMode>
      </gpxx:WaypointExtension>
      <wptx1:WaypointExtension>
        <wptx1:DisplayMode>SymbolOnly</wptx1:DisplayMode>
      </wptx1:WaypointExtension>
      <ctx:CreationTimeExtension>
        <ctx:CreationTime>2019-12-04T16:31:07Z</ctx:CreationTime>
      </ctx:CreationTimeExtension>
    </extensions>
  </wpt>
  <wpt lat="31.460219705477357" lon="-109.92554135620594">
    <ele>1839.163200000000188</ele>
    <time>2019-12-04T16:31:07Z</time>
    <name>Zac #303</name>
    <cmt>21-JAN-19 3:42:25PM</cmt>
    <desc>21-JAN-19 3:42:25PM</desc>
    <sym>City (Small)</sym>
    <type>user</type>
    <extensions>
      <gpxx:WaypointExtension>
        <gpxx:DisplayMode>SymbolOnly</gpxx:DisplayMode>
      </gpxx:WaypointExtension>
      <wptx1:WaypointExtension>
        <wptx1:DisplayMode>SymbolOnly</wptx1:DisplayMode>
      </wptx1:WaypointExtension>
      <ctx:CreationTimeExtension>
        <ctx:CreationTime>2019-12-04T16:31:07Z</ctx:CreationTime>
      </ctx:CreationTimeExtension>
    </extensions>
  </wpt>
  <wpt lat="31.460225153714418" lon="-109.925793316215277">
    <ele>1848.61200000000008</ele>
    <time>2019-12-04T16:31:07Z</time>
    <name>Zac #304</name>
    <cmt>21-JAN-19 3:44:45PM</cmt>
    <desc>21-JAN-19 3:44:45PM</desc>
    <sym>City (Small)</sym>
    <type>user</type>
    <extensions>
      <gpxx:WaypointExtension>
        <gpxx:DisplayMode>SymbolOnly</gpxx:DisplayMode>
      </gpxx:WaypointExtension>
      <wptx1:WaypointExtension>
        <wptx1:DisplayMode>SymbolOnly</wptx1:DisplayMode>
      </wptx1:WaypointExtension>
      <ctx:CreationTimeExtension>
        <ctx:CreationTime>2019-12-04T16:31:07Z</ctx:CreationTime>
      </ctx:CreationTimeExtension>
    </extensions>
  </wpt>
  <wpt lat="31.460231775417924" lon="-109.925961792469025">
    <ele>1851.660000000000082</ele>
    <time>2019-12-04T16:31:07Z</time>
    <name>Zac #305</name>
    <cmt>21-JAN-19 3:47:06PM</cmt>
    <desc>21-JAN-19 3:47:06PM</desc>
    <sym>City (Small)</sym>
    <type>user</type>
    <extensions>
      <gpxx:WaypointExtension>
        <gpxx:DisplayMode>SymbolOnly</gpxx:DisplayMode>
      </gpxx:WaypointExtension>
      <wptx1:WaypointExtension>
        <wptx1:DisplayMode>SymbolOnly</wptx1:DisplayMode>
      </wptx1:WaypointExtension>
      <ctx:CreationTimeExtension>
        <ctx:CreationTime>2019-12-04T16:31:07Z</ctx:CreationTime>
      </ctx:CreationTimeExtension>
    </extensions>
  </wpt>
  <wpt lat="31.456930479034781" lon="-109.920432418584824">
    <ele>1700.174400000000105</ele>
    <time>2019-02-10T02:02:31Z</time>
    <name>Zac #306</name>
    <cmt>09-FEB-19 11:37:13AM</cmt>
    <desc>09-FEB-19 11:37:13AM</desc>
    <sym>City (Small)</sym>
    <type>user</type>
    <extensions>
      <gpxx:WaypointExtension>
        <gpxx:DisplayMode>SymbolOnly</gpxx:DisplayMode>
      </gpxx:WaypointExtension>
      <wptx1:WaypointExtension>
        <wptx1:DisplayMode>SymbolOnly</wptx1:DisplayMode>
      </wptx1:WaypointExtension>
      <ctx:CreationTimeExtension>
        <ctx:CreationTime>2019-02-10T02:02:31Z</ctx:CreationTime>
      </ctx:CreationTimeExtension>
    </extensions>
  </wpt>
  <wpt lat="31.45680533722043" lon="-109.920513639226556">
    <ele>1704.746399999999994</ele>
    <time>2019-02-10T02:02:31Z</time>
    <name>Zac #307</name>
    <cmt>09-FEB-19 11:39:46AM</cmt>
    <desc>09-FEB-19 11:39:46AM</desc>
    <sym>City (Small)</sym>
    <type>user</type>
    <extensions>
      <gpxx:WaypointExtension>
        <gpxx:DisplayMode>SymbolOnly</gpxx:DisplayMode>
      </gpxx:WaypointExtension>
      <wptx1:WaypointExtension>
        <wptx1:DisplayMode>SymbolOnly</wptx1:DisplayMode>
      </wptx1:WaypointExtension>
      <ctx:CreationTimeExtension>
        <ctx:CreationTime>2019-02-10T02:02:31Z</ctx:CreationTime>
      </ctx:CreationTimeExtension>
    </extensions>
  </wpt>
  <wpt lat="31.456650104373693" lon="-109.920603409409523">
    <ele>1709.928000000000111</ele>
    <time>2019-02-10T02:02:31Z</time>
    <name>Zac #308</name>
    <cmt>09-FEB-19 11:43:09AM</cmt>
    <desc>09-FEB-19 11:43:09AM</desc>
    <sym>City (Small)</sym>
    <type>user</type>
    <extensions>
      <gpxx:WaypointExtension>
        <gpxx:DisplayMode>SymbolOnly</gpxx:DisplayMode>
      </gpxx:WaypointExtension>
      <wptx1:WaypointExtension>
        <wptx1:DisplayMode>SymbolOnly</wptx1:DisplayMode>
      </wptx1:WaypointExtension>
      <ctx:CreationTimeExtension>
        <ctx:CreationTime>2019-02-10T02:02:31Z</ctx:CreationTime>
      </ctx:CreationTimeExtension>
    </extensions>
  </wpt>
  <wpt lat="31.456568967550993" lon="-109.920702148228884">
    <ele>1715.1096</ele>
    <time>2019-02-10T02:02:31Z</time>
    <name>Zac #309</name>
    <cmt>09-FEB-19 11:44:56AM</cmt>
    <desc>09-FEB-19 11:44:56AM</desc>
    <sym>City (Small)</sym>
    <type>user</type>
    <extensions>
      <gpxx:WaypointExtension>
        <gpxx:DisplayMode>SymbolOnly</gpxx:DisplayMode>
      </gpxx:WaypointExtension>
      <wptx1:WaypointExtension>
        <wptx1:DisplayMode>SymbolOnly</wptx1:DisplayMode>
      </wptx1:WaypointExtension>
      <ctx:CreationTimeExtension>
        <ctx:CreationTime>2019-02-10T02:02:31Z</ctx:CreationTime>
      </ctx:CreationTimeExtension>
    </extensions>
  </wpt>
  <wpt lat="31.453724652528763" lon="-109.915840309113264">
    <ele>1695.297600000000102</ele>
    <time>2018-09-22T01:33:37Z</time>
    <name>Zac #31</name>
    <cmt>02-SEP-18 12:23:13PM</cmt>
    <desc>02-SEP-18 12:23:13PM</desc>
    <sym>City (Small)</sym>
    <type>user</type>
    <extensions>
      <gpxx:WaypointExtension>
        <gpxx:DisplayMode>SymbolOnly</gpxx:DisplayMode>
      </gpxx:WaypointExtension>
      <wptx1:WaypointExtension>
        <wptx1:DisplayMode>SymbolOnly</wptx1:DisplayMode>
      </wptx1:WaypointExtension>
      <ctx:CreationTimeExtension>
        <ctx:CreationTime>2018-09-22T01:33:37Z</ctx:CreationTime>
      </ctx:CreationTimeExtension>
    </extensions>
  </wpt>
  <wpt lat="31.456604255363345" lon="-109.920861488208175">
    <ele>1719.986400000000003</ele>
    <time>2019-02-10T02:02:31Z</time>
    <name>Zac #310</name>
    <cmt>09-FEB-19 11:47:11AM</cmt>
    <desc>09-FEB-19 11:47:11AM</desc>
    <sym>City (Small)</sym>
    <type>user</type>
    <extensions>
      <gpxx:WaypointExtension>
        <gpxx:DisplayMode>SymbolOnly</gpxx:DisplayMode>
      </gpxx:WaypointExtension>
      <wptx1:WaypointExtension>
        <wptx1:DisplayMode>SymbolOnly</wptx1:DisplayMode>
      </wptx1:WaypointExtension>
      <ctx:CreationTimeExtension>
        <ctx:CreationTime>2019-02-10T02:02:31Z</ctx:CreationTime>
      </ctx:CreationTimeExtension>
    </extensions>
  </wpt>
  <wpt lat="31.456597717478871" lon="-109.920925190672278">
    <ele>1722.120000000000118</ele>
    <time>2019-02-10T02:02:31Z</time>
    <name>Zac #311</name>
    <cmt>09-FEB-19 11:48:38AM</cmt>
    <desc>09-FEB-19 11:48:38AM</desc>
    <sym>City (Small)</sym>
    <type>user</type>
    <extensions>
      <gpxx:WaypointExtension>
        <gpxx:DisplayMode>SymbolOnly</gpxx:DisplayMode>
      </gpxx:WaypointExtension>
      <wptx1:WaypointExtension>
        <wptx1:DisplayMode>SymbolOnly</wptx1:DisplayMode>
      </wptx1:WaypointExtension>
      <ctx:CreationTimeExtension>
        <ctx:CreationTime>2019-02-10T02:02:31Z</ctx:CreationTime>
      </ctx:CreationTimeExtension>
    </extensions>
  </wpt>
  <wpt lat="31.456552958115935" lon="-109.92103960365057">
    <ele>1726.692000000000007</ele>
    <time>2019-02-10T02:02:31Z</time>
    <name>Zac #312</name>
    <cmt>09-FEB-19 11:50:38AM</cmt>
    <desc>09-FEB-19 11:50:38AM</desc>
    <sym>City (Small)</sym>
    <type>user</type>
    <extensions>
      <gpxx:WaypointExtension>
        <gpxx:DisplayMode>SymbolOnly</gpxx:DisplayMode>
      </gpxx:WaypointExtension>
      <wptx1:WaypointExtension>
        <wptx1:DisplayMode>SymbolOnly</wptx1:DisplayMode>
      </wptx1:WaypointExtension>
      <ctx:CreationTimeExtension>
        <ctx:CreationTime>2019-02-10T02:02:31Z</ctx:CreationTime>
      </ctx:CreationTimeExtension>
    </extensions>
  </wpt>
  <wpt lat="31.456472827121615" lon="-109.921083692461252">
    <ele>1733.092800000000125</ele>
    <time>2019-02-10T02:02:31Z</time>
    <name>Zac #313</name>
    <cmt>09-FEB-19 11:52:42AM</cmt>
    <desc>09-FEB-19 11:52:42AM</desc>
    <sym>City (Small)</sym>
    <type>user</type>
    <extensions>
      <gpxx:WaypointExtension>
        <gpxx:DisplayMode>SymbolOnly</gpxx:DisplayMode>
      </gpxx:WaypointExtension>
      <wptx1:WaypointExtension>
        <wptx1:DisplayMode>SymbolOnly</wptx1:DisplayMode>
      </wptx1:WaypointExtension>
      <ctx:CreationTimeExtension>
        <ctx:CreationTime>2019-02-10T02:02:31Z</ctx:CreationTime>
      </ctx:CreationTimeExtension>
    </extensions>
  </wpt>
  <wpt lat="31.456090360879898" lon="-109.920617239549756">
    <ele>1739.493600000000015</ele>
    <time>2019-02-10T02:02:31Z</time>
    <name>Zac #314</name>
    <cmt>09-FEB-19 12:02:16PM</cmt>
    <desc>09-FEB-19 12:02:16PM</desc>
    <sym>City (Small)</sym>
    <type>user</type>
    <extensions>
      <gpxx:WaypointExtension>
        <gpxx:DisplayMode>SymbolOnly</gpxx:DisplayMode>
      </gpxx:WaypointExtension>
      <wptx1:WaypointExtension>
        <wptx1:DisplayMode>SymbolOnly</wptx1:DisplayMode>
      </wptx1:WaypointExtension>
      <ctx:CreationTimeExtension>
        <ctx:CreationTime>2019-02-10T02:02:31Z</ctx:CreationTime>
      </ctx:CreationTimeExtension>
    </extensions>
  </wpt>
  <wpt lat="31.456141071394086" lon="-109.920562170445919">
    <ele>1738.579200000000128</ele>
    <time>2019-02-10T02:02:31Z</time>
    <name>Zac #315</name>
    <cmt>09-FEB-19 12:03:38PM</cmt>
    <desc>09-FEB-19 12:03:38PM</desc>
    <sym>City (Small)</sym>
    <type>user</type>
    <extensions>
      <gpxx:WaypointExtension>
        <gpxx:DisplayMode>SymbolOnly</gpxx:DisplayMode>
      </gpxx:WaypointExtension>
      <wptx1:WaypointExtension>
        <wptx1:DisplayMode>SymbolOnly</wptx1:DisplayMode>
      </wptx1:WaypointExtension>
      <ctx:CreationTimeExtension>
        <ctx:CreationTime>2019-02-10T02:02:31Z</ctx:CreationTime>
      </ctx:CreationTimeExtension>
    </extensions>
  </wpt>
  <wpt lat="31.456279791891575" lon="-109.920483380556107">
    <ele>1732.788000000000011</ele>
    <time>2019-02-10T02:02:31Z</time>
    <name>Zac #316</name>
    <cmt>09-FEB-19 12:05:52PM</cmt>
    <desc>09-FEB-19 12:05:52PM</desc>
    <sym>City (Small)</sym>
    <type>user</type>
    <extensions>
      <gpxx:WaypointExtension>
        <gpxx:DisplayMode>SymbolOnly</gpxx:DisplayMode>
      </gpxx:WaypointExtension>
      <wptx1:WaypointExtension>
        <wptx1:DisplayMode>SymbolOnly</wptx1:DisplayMode>
      </wptx1:WaypointExtension>
      <ctx:CreationTimeExtension>
        <ctx:CreationTime>2019-02-10T02:02:31Z</ctx:CreationTime>
      </ctx:CreationTimeExtension>
    </extensions>
  </wpt>
  <wpt lat="31.456387834623456" lon="-109.920465275645256">
    <ele>1734.007200000000012</ele>
    <time>2019-02-10T02:02:31Z</time>
    <name>Zac #317</name>
    <cmt>09-FEB-19 12:10:13PM</cmt>
    <desc>09-FEB-19 12:10:13PM</desc>
    <sym>City (Small)</sym>
    <type>user</type>
    <extensions>
      <gpxx:WaypointExtension>
        <gpxx:DisplayMode>SymbolOnly</gpxx:DisplayMode>
      </gpxx:WaypointExtension>
      <wptx1:WaypointExtension>
        <wptx1:DisplayMode>SymbolOnly</wptx1:DisplayMode>
      </wptx1:WaypointExtension>
      <ctx:CreationTimeExtension>
        <ctx:CreationTime>2019-02-10T02:02:31Z</ctx:CreationTime>
      </ctx:CreationTimeExtension>
    </extensions>
  </wpt>
  <wpt lat="31.456623701378703" lon="-109.920484302565455">
    <ele>1729.130400000000009</ele>
    <time>2019-02-10T02:02:31Z</time>
    <name>Zac #318</name>
    <cmt>09-FEB-19 12:13:09PM</cmt>
    <desc>09-FEB-19 12:13:09PM</desc>
    <sym>City (Small)</sym>
    <type>user</type>
    <extensions>
      <gpxx:WaypointExtension>
        <gpxx:DisplayMode>SymbolOnly</gpxx:DisplayMode>
      </gpxx:WaypointExtension>
      <wptx1:WaypointExtension>
        <wptx1:DisplayMode>SymbolOnly</wptx1:DisplayMode>
      </wptx1:WaypointExtension>
      <ctx:CreationTimeExtension>
        <ctx:CreationTime>2019-02-10T02:02:31Z</ctx:CreationTime>
      </ctx:CreationTimeExtension>
    </extensions>
  </wpt>
  <wpt lat="31.457343203946948" lon="-109.922150373458862">
    <ele>1749.856800000000021</ele>
    <time>2019-02-10T02:02:31Z</time>
    <name>Zac #319</name>
    <cmt>09-FEB-19 12:30:02PM</cmt>
    <desc>09-FEB-19 12:30:02PM</desc>
    <sym>City (Small)</sym>
    <type>user</type>
    <extensions>
      <gpxx:WaypointExtension>
        <gpxx:DisplayMode>SymbolOnly</gpxx:DisplayMode>
      </gpxx:WaypointExtension>
      <wptx1:WaypointExtension>
        <wptx1:DisplayMode>SymbolOnly</wptx1:DisplayMode>
      </wptx1:WaypointExtension>
      <ctx:CreationTimeExtension>
        <ctx:CreationTime>2019-02-10T02:02:31Z</ctx:CreationTime>
      </ctx:CreationTimeExtension>
    </extensions>
  </wpt>
  <wpt lat="31.453916681930423" lon="-109.915751293301582">
    <ele>1698.955200000000104</ele>
    <time>2018-09-22T01:33:37Z</time>
    <name>Zac #32</name>
    <cmt>02-SEP-18 12:25:06PM</cmt>
    <desc>02-SEP-18 12:25:06PM</desc>
    <sym>City (Small)</sym>
    <type>user</type>
    <extensions>
      <gpxx:WaypointExtension>
        <gpxx:DisplayMode>SymbolOnly</gpxx:DisplayMode>
      </gpxx:WaypointExtension>
      <wptx1:WaypointExtension>
        <wptx1:DisplayMode>SymbolOnly</wptx1:DisplayMode>
      </wptx1:WaypointExtension>
      <ctx:CreationTimeExtension>
        <ctx:CreationTime>2018-09-22T01:33:37Z</ctx:CreationTime>
      </ctx:CreationTimeExtension>
    </extensions>
  </wpt>
  <wpt lat="31.457289895042777" lon="-109.922179039567709">
    <ele>1751.990400000000136</ele>
    <time>2019-02-10T02:02:31Z</time>
    <name>Zac #320</name>
    <cmt>09-FEB-19 12:32:07PM</cmt>
    <desc>09-FEB-19 12:32:07PM</desc>
    <sym>City (Small)</sym>
    <type>user</type>
    <extensions>
      <gpxx:WaypointExtension>
        <gpxx:DisplayMode>SymbolOnly</gpxx:DisplayMode>
      </gpxx:WaypointExtension>
      <wptx1:WaypointExtension>
        <wptx1:DisplayMode>SymbolOnly</wptx1:DisplayMode>
      </wptx1:WaypointExtension>
      <ctx:CreationTimeExtension>
        <ctx:CreationTime>2019-02-10T02:02:31Z</ctx:CreationTime>
      </ctx:CreationTimeExtension>
    </extensions>
  </wpt>
  <wpt lat="31.457218648865819" lon="-109.922193037346005">
    <ele>1755.038400000000138</ele>
    <time>2019-02-10T02:02:31Z</time>
    <name>Zac #321</name>
    <cmt>09-FEB-19 12:33:32PM</cmt>
    <desc>09-FEB-19 12:33:32PM</desc>
    <sym>City (Small)</sym>
    <type>user</type>
    <extensions>
      <gpxx:WaypointExtension>
        <gpxx:DisplayMode>SymbolOnly</gpxx:DisplayMode>
      </gpxx:WaypointExtension>
      <wptx1:WaypointExtension>
        <wptx1:DisplayMode>SymbolOnly</wptx1:DisplayMode>
      </wptx1:WaypointExtension>
      <ctx:CreationTimeExtension>
        <ctx:CreationTime>2019-02-10T02:02:31Z</ctx:CreationTime>
      </ctx:CreationTimeExtension>
    </extensions>
  </wpt>
  <wpt lat="31.457188725471497" lon="-109.922194043174386">
    <ele>1755.343200000000024</ele>
    <time>2019-02-10T02:02:31Z</time>
    <name>Zac #322</name>
    <cmt>09-FEB-19 12:34:47PM</cmt>
    <desc>09-FEB-19 12:34:47PM</desc>
    <sym>City (Small)</sym>
    <type>user</type>
    <extensions>
      <gpxx:WaypointExtension>
        <gpxx:DisplayMode>SymbolOnly</gpxx:DisplayMode>
      </gpxx:WaypointExtension>
      <wptx1:WaypointExtension>
        <wptx1:DisplayMode>SymbolOnly</wptx1:DisplayMode>
      </wptx1:WaypointExtension>
      <ctx:CreationTimeExtension>
        <ctx:CreationTime>2019-02-10T02:02:31Z</ctx:CreationTime>
      </ctx:CreationTimeExtension>
    </extensions>
  </wpt>
  <wpt lat="31.457128124311566" lon="-109.922231175005436">
    <ele>1756.562400000000025</ele>
    <time>2019-02-10T02:02:31Z</time>
    <name>Zac #323</name>
    <cmt>09-FEB-19 12:34:57PM</cmt>
    <desc>09-FEB-19 12:34:57PM</desc>
    <sym>City (Small)</sym>
    <type>user</type>
    <extensions>
      <gpxx:WaypointExtension>
        <gpxx:DisplayMode>SymbolOnly</gpxx:DisplayMode>
      </gpxx:WaypointExtension>
      <wptx1:WaypointExtension>
        <wptx1:DisplayMode>SymbolOnly</wptx1:DisplayMode>
      </wptx1:WaypointExtension>
      <ctx:CreationTimeExtension>
        <ctx:CreationTime>2019-02-10T02:02:31Z</ctx:CreationTime>
      </ctx:CreationTimeExtension>
    </extensions>
  </wpt>
  <wpt lat="31.45707355812192" lon="-109.922278365120292">
    <ele>1759.30560000000014</ele>
    <time>2019-02-10T02:02:31Z</time>
    <name>Zac #324</name>
    <cmt>09-FEB-19 12:37:00PM</cmt>
    <desc>09-FEB-19 12:37:00PM</desc>
    <sym>City (Small)</sym>
    <type>user</type>
    <extensions>
      <gpxx:WaypointExtension>
        <gpxx:DisplayMode>SymbolOnly</gpxx:DisplayMode>
      </gpxx:WaypointExtension>
      <wptx1:WaypointExtension>
        <wptx1:DisplayMode>SymbolOnly</wptx1:DisplayMode>
      </wptx1:WaypointExtension>
      <ctx:CreationTimeExtension>
        <ctx:CreationTime>2019-02-10T02:02:31Z</ctx:CreationTime>
      </ctx:CreationTimeExtension>
    </extensions>
  </wpt>
  <wpt lat="31.456971215084195" lon="-109.922386407852173">
    <ele>1763.572800000000143</ele>
    <time>2019-02-10T02:02:31Z</time>
    <name>Zac #325</name>
    <cmt>09-FEB-19 12:39:27PM</cmt>
    <desc>09-FEB-19 12:39:27PM</desc>
    <sym>City (Small)</sym>
    <type>user</type>
    <extensions>
      <gpxx:WaypointExtension>
        <gpxx:DisplayMode>SymbolOnly</gpxx:DisplayMode>
      </gpxx:WaypointExtension>
      <wptx1:WaypointExtension>
        <wptx1:DisplayMode>SymbolOnly</wptx1:DisplayMode>
      </wptx1:WaypointExtension>
      <ctx:CreationTimeExtension>
        <ctx:CreationTime>2019-02-10T02:02:31Z</ctx:CreationTime>
      </ctx:CreationTimeExtension>
    </extensions>
  </wpt>
  <wpt lat="31.456971801817417" lon="-109.922407111153007">
    <ele>1765.706400000000031</ele>
    <time>2019-02-10T02:02:31Z</time>
    <name>Zac #326</name>
    <cmt>09-FEB-19 12:40:54PM</cmt>
    <desc>09-FEB-19 12:40:54PM</desc>
    <sym>City (Small)</sym>
    <type>user</type>
    <extensions>
      <gpxx:WaypointExtension>
        <gpxx:DisplayMode>SymbolOnly</gpxx:DisplayMode>
      </gpxx:WaypointExtension>
      <wptx1:WaypointExtension>
        <wptx1:DisplayMode>SymbolOnly</wptx1:DisplayMode>
      </wptx1:WaypointExtension>
      <ctx:CreationTimeExtension>
        <ctx:CreationTime>2019-02-10T02:02:31Z</ctx:CreationTime>
      </ctx:CreationTimeExtension>
    </extensions>
  </wpt>
  <wpt lat="31.456853533163667" lon="-109.922665860503912">
    <ele>1774.240800000000036</ele>
    <time>2019-02-10T02:02:31Z</time>
    <name>Zac #327</name>
    <cmt>09-FEB-19 12:42:55PM</cmt>
    <desc>09-FEB-19 12:42:55PM</desc>
    <sym>City (Small)</sym>
    <type>user</type>
    <extensions>
      <gpxx:WaypointExtension>
        <gpxx:DisplayMode>SymbolOnly</gpxx:DisplayMode>
      </gpxx:WaypointExtension>
      <wptx1:WaypointExtension>
        <wptx1:DisplayMode>SymbolOnly</wptx1:DisplayMode>
      </wptx1:WaypointExtension>
      <ctx:CreationTimeExtension>
        <ctx:CreationTime>2019-02-10T02:02:31Z</ctx:CreationTime>
      </ctx:CreationTimeExtension>
    </extensions>
  </wpt>
  <wpt lat="31.456843810155988" lon="-109.922814555466175">
    <ele>1780.032000000000153</ele>
    <time>2019-02-10T02:02:31Z</time>
    <name>Zac #328</name>
    <cmt>09-FEB-19 12:45:10PM</cmt>
    <desc>09-FEB-19 12:45:10PM</desc>
    <sym>City (Small)</sym>
    <type>user</type>
    <extensions>
      <gpxx:WaypointExtension>
        <gpxx:DisplayMode>SymbolOnly</gpxx:DisplayMode>
      </gpxx:WaypointExtension>
      <wptx1:WaypointExtension>
        <wptx1:DisplayMode>SymbolOnly</wptx1:DisplayMode>
      </wptx1:WaypointExtension>
      <ctx:CreationTimeExtension>
        <ctx:CreationTime>2019-02-10T02:02:31Z</ctx:CreationTime>
      </ctx:CreationTimeExtension>
    </extensions>
  </wpt>
  <wpt lat="31.456852108240128" lon="-109.922997280955315">
    <ele>1787.042400000000043</ele>
    <time>2019-02-10T02:02:31Z</time>
    <name>Zac #329</name>
    <cmt>09-FEB-19 12:47:17PM</cmt>
    <desc>09-FEB-19 12:47:17PM</desc>
    <sym>City (Small)</sym>
    <type>user</type>
    <extensions>
      <gpxx:WaypointExtension>
        <gpxx:DisplayMode>SymbolOnly</gpxx:DisplayMode>
      </gpxx:WaypointExtension>
      <wptx1:WaypointExtension>
        <wptx1:DisplayMode>SymbolOnly</wptx1:DisplayMode>
      </wptx1:WaypointExtension>
      <ctx:CreationTimeExtension>
        <ctx:CreationTime>2019-02-10T02:02:31Z</ctx:CreationTime>
      </ctx:CreationTimeExtension>
    </extensions>
  </wpt>
  <wpt lat="31.45396932028234" lon="-109.915636628866196">
    <ele>1703.527199999999993</ele>
    <time>2018-09-22T01:33:37Z</time>
    <name>Zac #33</name>
    <cmt>02-SEP-18 12:27:16PM</cmt>
    <desc>02-SEP-18 12:27:16PM</desc>
    <sym>City (Small)</sym>
    <type>user</type>
    <extensions>
      <gpxx:WaypointExtension>
        <gpxx:DisplayMode>SymbolOnly</gpxx:DisplayMode>
      </gpxx:WaypointExtension>
      <wptx1:WaypointExtension>
        <wptx1:DisplayMode>SymbolOnly</wptx1:DisplayMode>
      </wptx1:WaypointExtension>
      <ctx:CreationTimeExtension>
        <ctx:CreationTime>2018-09-22T01:33:37Z</ctx:CreationTime>
      </ctx:CreationTimeExtension>
    </extensions>
  </wpt>
  <wpt lat="31.456800391897559" lon="-109.92315293289721">
    <ele>1790.090400000000045</ele>
    <time>2019-02-10T02:02:31Z</time>
    <name>Zac #330</name>
    <cmt>09-FEB-19 12:49:43PM</cmt>
    <desc>09-FEB-19 12:49:43PM</desc>
    <sym>City (Small)</sym>
    <type>user</type>
    <extensions>
      <gpxx:WaypointExtension>
        <gpxx:DisplayMode>SymbolOnly</gpxx:DisplayMode>
      </gpxx:WaypointExtension>
      <wptx1:WaypointExtension>
        <wptx1:DisplayMode>SymbolOnly</wptx1:DisplayMode>
      </wptx1:WaypointExtension>
      <ctx:CreationTimeExtension>
        <ctx:CreationTime>2019-02-10T02:02:31Z</ctx:CreationTime>
      </ctx:CreationTimeExtension>
    </extensions>
  </wpt>
  <wpt lat="31.456734845414758" lon="-109.923292407765985">
    <ele>1796.186400000000049</ele>
    <time>2019-02-10T02:02:31Z</time>
    <name>Zac #331</name>
    <cmt>09-FEB-19 12:51:19PM</cmt>
    <desc>09-FEB-19 12:51:19PM</desc>
    <sym>City (Small)</sym>
    <type>user</type>
    <extensions>
      <gpxx:WaypointExtension>
        <gpxx:DisplayMode>SymbolOnly</gpxx:DisplayMode>
      </gpxx:WaypointExtension>
      <wptx1:WaypointExtension>
        <wptx1:DisplayMode>SymbolOnly</wptx1:DisplayMode>
      </wptx1:WaypointExtension>
      <ctx:CreationTimeExtension>
        <ctx:CreationTime>2019-02-10T02:02:31Z</ctx:CreationTime>
      </ctx:CreationTimeExtension>
    </extensions>
  </wpt>
  <wpt lat="31.456693187355995" lon="-109.923350661993027">
    <ele>1800.758400000000165</ele>
    <time>2019-02-10T02:02:31Z</time>
    <name>Zac #332</name>
    <cmt>09-FEB-19 12:53:23PM</cmt>
    <desc>09-FEB-19 12:53:23PM</desc>
    <sym>City (Small)</sym>
    <type>user</type>
    <extensions>
      <gpxx:WaypointExtension>
        <gpxx:DisplayMode>SymbolOnly</gpxx:DisplayMode>
      </gpxx:WaypointExtension>
      <wptx1:WaypointExtension>
        <wptx1:DisplayMode>SymbolOnly</wptx1:DisplayMode>
      </wptx1:WaypointExtension>
      <ctx:CreationTimeExtension>
        <ctx:CreationTime>2019-02-10T02:02:31Z</ctx:CreationTime>
      </ctx:CreationTimeExtension>
    </extensions>
  </wpt>
  <wpt lat="31.456617498770356" lon="-109.923494411632419">
    <ele>1807.768800000000056</ele>
    <time>2019-02-10T02:02:31Z</time>
    <name>Zac #333</name>
    <cmt>09-FEB-19 12:54:36PM</cmt>
    <desc>09-FEB-19 12:54:36PM</desc>
    <sym>City (Small)</sym>
    <type>user</type>
    <extensions>
      <gpxx:WaypointExtension>
        <gpxx:DisplayMode>SymbolOnly</gpxx:DisplayMode>
      </gpxx:WaypointExtension>
      <wptx1:WaypointExtension>
        <wptx1:DisplayMode>SymbolOnly</wptx1:DisplayMode>
      </wptx1:WaypointExtension>
      <ctx:CreationTimeExtension>
        <ctx:CreationTime>2019-02-10T02:02:31Z</ctx:CreationTime>
      </ctx:CreationTimeExtension>
    </extensions>
  </wpt>
  <wpt lat="31.456539714708924" lon="-109.923706138506532">
    <ele>1815.69360000000006</ele>
    <time>2019-02-10T02:02:31Z</time>
    <name>Zac #334</name>
    <cmt>09-FEB-19 12:56:44PM</cmt>
    <desc>09-FEB-19 12:56:44PM</desc>
    <sym>City (Small)</sym>
    <type>user</type>
    <extensions>
      <gpxx:WaypointExtension>
        <gpxx:DisplayMode>SymbolOnly</gpxx:DisplayMode>
      </gpxx:WaypointExtension>
      <wptx1:WaypointExtension>
        <wptx1:DisplayMode>SymbolOnly</wptx1:DisplayMode>
      </wptx1:WaypointExtension>
      <ctx:CreationTimeExtension>
        <ctx:CreationTime>2019-02-10T02:02:31Z</ctx:CreationTime>
      </ctx:CreationTimeExtension>
    </extensions>
  </wpt>
  <wpt lat="31.456339722499251" lon="-109.923927839845419">
    <ele>1821.180000000000064</ele>
    <time>2019-02-10T02:02:31Z</time>
    <name>Zac #335</name>
    <cmt>09-FEB-19 12:59:11PM</cmt>
    <desc>09-FEB-19 12:59:11PM</desc>
    <sym>City (Small)</sym>
    <type>user</type>
    <extensions>
      <gpxx:WaypointExtension>
        <gpxx:DisplayMode>SymbolOnly</gpxx:DisplayMode>
      </gpxx:WaypointExtension>
      <wptx1:WaypointExtension>
        <wptx1:DisplayMode>SymbolOnly</wptx1:DisplayMode>
      </wptx1:WaypointExtension>
      <ctx:CreationTimeExtension>
        <ctx:CreationTime>2019-02-10T02:02:31Z</ctx:CreationTime>
      </ctx:CreationTimeExtension>
    </extensions>
  </wpt>
  <wpt lat="31.456146184355021" lon="-109.924285411834717">
    <ele>1830.019200000000183</ele>
    <time>2019-02-10T02:02:31Z</time>
    <name>Zac #336</name>
    <cmt>09-FEB-19 1:01:54PM</cmt>
    <desc>09-FEB-19 1:01:54PM</desc>
    <sym>City (Small)</sym>
    <type>user</type>
    <extensions>
      <gpxx:WaypointExtension>
        <gpxx:DisplayMode>SymbolOnly</gpxx:DisplayMode>
      </gpxx:WaypointExtension>
      <wptx1:WaypointExtension>
        <wptx1:DisplayMode>SymbolOnly</wptx1:DisplayMode>
      </wptx1:WaypointExtension>
      <ctx:CreationTimeExtension>
        <ctx:CreationTime>2019-02-10T02:02:31Z</ctx:CreationTime>
      </ctx:CreationTimeExtension>
    </extensions>
  </wpt>
  <wpt lat="31.454019863158464" lon="-109.915611064061522">
    <ele>1705.660800000000108</ele>
    <time>2018-09-22T01:33:37Z</time>
    <name>Zac #34</name>
    <cmt>02-SEP-18 12:28:35PM</cmt>
    <desc>02-SEP-18 12:28:35PM</desc>
    <sym>City (Small)</sym>
    <type>user</type>
    <extensions>
      <gpxx:WaypointExtension>
        <gpxx:DisplayMode>SymbolOnly</gpxx:DisplayMode>
      </gpxx:WaypointExtension>
      <wptx1:WaypointExtension>
        <wptx1:DisplayMode>SymbolOnly</wptx1:DisplayMode>
      </wptx1:WaypointExtension>
      <ctx:CreationTimeExtension>
        <ctx:CreationTime>2018-09-22T01:33:37Z</ctx:CreationTime>
      </ctx:CreationTimeExtension>
    </extensions>
  </wpt>
  <wpt lat="31.454068729653955" lon="-109.915561024099588">
    <ele>1708.70880000000011</ele>
    <time>2018-09-22T01:33:37Z</time>
    <name>Zac #35</name>
    <cmt>02-SEP-18 12:29:41PM</cmt>
    <desc>02-SEP-18 12:29:41PM</desc>
    <sym>City (Small)</sym>
    <type>user</type>
    <extensions>
      <gpxx:WaypointExtension>
        <gpxx:DisplayMode>SymbolOnly</gpxx:DisplayMode>
      </gpxx:WaypointExtension>
      <wptx1:WaypointExtension>
        <wptx1:DisplayMode>SymbolOnly</wptx1:DisplayMode>
      </wptx1:WaypointExtension>
      <ctx:CreationTimeExtension>
        <ctx:CreationTime>2018-09-22T01:33:37Z</ctx:CreationTime>
      </ctx:CreationTimeExtension>
    </extensions>
  </wpt>
  <wpt lat="31.454137628898025" lon="-109.915544344112277">
    <ele>1712.061599999999999</ele>
    <time>2018-09-22T01:33:37Z</time>
    <name>Zac #36</name>
    <cmt>02-SEP-18 12:31:55PM</cmt>
    <desc>02-SEP-18 12:31:55PM</desc>
    <sym>City (Small)</sym>
    <type>user</type>
    <extensions>
      <gpxx:WaypointExtension>
        <gpxx:DisplayMode>SymbolOnly</gpxx:DisplayMode>
      </gpxx:WaypointExtension>
      <wptx1:WaypointExtension>
        <wptx1:DisplayMode>SymbolOnly</wptx1:DisplayMode>
      </wptx1:WaypointExtension>
      <ctx:CreationTimeExtension>
        <ctx:CreationTime>2018-09-22T01:33:37Z</ctx:CreationTime>
      </ctx:CreationTimeExtension>
    </extensions>
  </wpt>
  <wpt lat="31.452515311539173" lon="-109.916609600186348">
    <ele>1677.009600000000091</ele>
    <time>2018-09-22T01:33:37Z</time>
    <name>Zac #37</name>
    <cmt>12-SEP-18 2:29:21PM</cmt>
    <desc>12-SEP-18 2:29:21PM</desc>
    <sym>City (Small)</sym>
    <type>user</type>
    <extensions>
      <gpxx:WaypointExtension>
        <gpxx:DisplayMode>SymbolOnly</gpxx:DisplayMode>
      </gpxx:WaypointExtension>
      <wptx1:WaypointExtension>
        <wptx1:DisplayMode>SymbolOnly</wptx1:DisplayMode>
      </wptx1:WaypointExtension>
      <ctx:CreationTimeExtension>
        <ctx:CreationTime>2018-09-22T01:33:37Z</ctx:CreationTime>
      </ctx:CreationTimeExtension>
    </extensions>
  </wpt>
  <wpt lat="31.453626081347466" lon="-109.917222568765283">
    <ele>1686.458399999999983</ele>
    <time>2018-09-22T01:33:37Z</time>
    <name>Zac #38</name>
    <cmt>12-SEP-18 2:35:15PM</cmt>
    <desc>12-SEP-18 2:35:15PM</desc>
    <sym>City (Small)</sym>
    <type>user</type>
    <extensions>
      <gpxx:WaypointExtension>
        <gpxx:DisplayMode>SymbolOnly</gpxx:DisplayMode>
      </gpxx:WaypointExtension>
      <wptx1:WaypointExtension>
        <wptx1:DisplayMode>SymbolOnly</wptx1:DisplayMode>
      </wptx1:WaypointExtension>
      <ctx:CreationTimeExtension>
        <ctx:CreationTime>2018-09-22T01:33:37Z</ctx:CreationTime>
      </ctx:CreationTimeExtension>
    </extensions>
  </wpt>
  <wpt lat="31.453839568421245" lon="-109.917451310902834">
    <ele>1690.115999999999985</ele>
    <time>2018-09-22T01:33:37Z</time>
    <name>Zac #39</name>
    <cmt>12-SEP-18 2:37:24PM</cmt>
    <desc>12-SEP-18 2:37:24PM</desc>
    <sym>City (Small)</sym>
    <type>user</type>
    <extensions>
      <gpxx:WaypointExtension>
        <gpxx:DisplayMode>SymbolOnly</gpxx:DisplayMode>
      </gpxx:WaypointExtension>
      <wptx1:WaypointExtension>
        <wptx1:DisplayMode>SymbolOnly</wptx1:DisplayMode>
      </wptx1:WaypointExtension>
      <ctx:CreationTimeExtension>
        <ctx:CreationTime>2018-09-22T01:33:37Z</ctx:CreationTime>
      </ctx:CreationTimeExtension>
    </extensions>
  </wpt>
  <wpt lat="31.450527962297201" lon="-109.915820695459843">
    <ele>1632.813600000000179</ele>
    <time>2018-09-22T01:33:37Z</time>
    <name>Zac #4</name>
    <cmt>02-SEP-18 11:11:56AM</cmt>
    <desc>02-SEP-18 11:11:56AM</desc>
    <sym>City (Small)</sym>
    <type>user</type>
    <extensions>
      <gpxx:WaypointExtension>
        <gpxx:DisplayMode>SymbolOnly</gpxx:DisplayMode>
      </gpxx:WaypointExtension>
      <wptx1:WaypointExtension>
        <wptx1:DisplayMode>SymbolOnly</wptx1:DisplayMode>
      </wptx1:WaypointExtension>
      <ctx:CreationTimeExtension>
        <ctx:CreationTime>2018-09-22T01:33:37Z</ctx:CreationTime>
      </ctx:CreationTimeExtension>
    </extensions>
  </wpt>
  <wpt lat="31.454231590032578" lon="-109.917812487110496">
    <ele>1694.992799999999988</ele>
    <time>2018-09-22T01:33:37Z</time>
    <name>Zac #40</name>
    <cmt>12-SEP-18 2:41:34PM</cmt>
    <desc>12-SEP-18 2:41:34PM</desc>
    <sym>City (Small)</sym>
    <type>user</type>
    <extensions>
      <gpxx:WaypointExtension>
        <gpxx:DisplayMode>SymbolOnly</gpxx:DisplayMode>
      </gpxx:WaypointExtension>
      <wptx1:WaypointExtension>
        <wptx1:DisplayMode>SymbolOnly</wptx1:DisplayMode>
      </wptx1:WaypointExtension>
      <ctx:CreationTimeExtension>
        <ctx:CreationTime>2018-09-22T01:33:37Z</ctx:CreationTime>
      </ctx:CreationTimeExtension>
    </extensions>
  </wpt>
  <wpt lat="31.454205270856619" lon="-109.918101159855723">
    <ele>1699.564800000000105</ele>
    <time>2018-09-22T01:33:37Z</time>
    <name>Zac #41</name>
    <cmt>12-SEP-18 2:45:24PM
3 Photos</cmt>
    <desc>12-SEP-18 2:45:24PM
3 Photos</desc>
    <sym>City (Small)</sym>
    <type>user</type>
    <extensions>
      <gpxx:WaypointExtension>
        <gpxx:DisplayMode>SymbolOnly</gpxx:DisplayMode>
      </gpxx:WaypointExtension>
      <wptx1:WaypointExtension>
        <wptx1:DisplayMode>SymbolOnly</wptx1:DisplayMode>
      </wptx1:WaypointExtension>
      <ctx:CreationTimeExtension>
        <ctx:CreationTime>2018-09-22T01:33:37Z</ctx:CreationTime>
      </ctx:CreationTimeExtension>
    </extensions>
  </wpt>
  <wpt lat="31.454297807067633" lon="-109.918468203395605">
    <ele>1702.307999999999993</ele>
    <time>2018-09-22T01:33:37Z</time>
    <name>Zac #42</name>
    <cmt>12-SEP-18 2:47:36PM</cmt>
    <desc>12-SEP-18 2:47:36PM</desc>
    <sym>City (Small)</sym>
    <type>user</type>
    <extensions>
      <gpxx:WaypointExtension>
        <gpxx:DisplayMode>SymbolOnly</gpxx:DisplayMode>
      </gpxx:WaypointExtension>
      <wptx1:WaypointExtension>
        <wptx1:DisplayMode>SymbolOnly</wptx1:DisplayMode>
      </wptx1:WaypointExtension>
      <ctx:CreationTimeExtension>
        <ctx:CreationTime>2018-09-22T01:33:37Z</ctx:CreationTime>
      </ctx:CreationTimeExtension>
    </extensions>
  </wpt>
  <wpt lat="31.454398054629564" lon="-109.918963154777884">
    <ele>1711.451999999999998</ele>
    <time>2018-09-22T01:33:37Z</time>
    <name>Zac #43</name>
    <cmt>12-SEP-18 2:51:00PM</cmt>
    <desc>12-SEP-18 2:51:00PM</desc>
    <sym>City (Small)</sym>
    <type>user</type>
    <extensions>
      <gpxx:WaypointExtension>
        <gpxx:DisplayMode>SymbolOnly</gpxx:DisplayMode>
      </gpxx:WaypointExtension>
      <wptx1:WaypointExtension>
        <wptx1:DisplayMode>SymbolOnly</wptx1:DisplayMode>
      </wptx1:WaypointExtension>
      <ctx:CreationTimeExtension>
        <ctx:CreationTime>2018-09-22T01:33:37Z</ctx:CreationTime>
      </ctx:CreationTimeExtension>
    </extensions>
  </wpt>
  <wpt lat="31.454393360763788" lon="-109.919100282713771">
    <ele>1712.671199999999999</ele>
    <time>2018-09-22T01:33:37Z</time>
    <name>Zac #44</name>
    <cmt>12-SEP-18 2:53:46PM</cmt>
    <desc>12-SEP-18 2:53:46PM</desc>
    <sym>City (Small)</sym>
    <type>user</type>
    <extensions>
      <gpxx:WaypointExtension>
        <gpxx:DisplayMode>SymbolOnly</gpxx:DisplayMode>
      </gpxx:WaypointExtension>
      <wptx1:WaypointExtension>
        <wptx1:DisplayMode>SymbolOnly</wptx1:DisplayMode>
      </wptx1:WaypointExtension>
      <ctx:CreationTimeExtension>
        <ctx:CreationTime>2018-09-22T01:33:37Z</ctx:CreationTime>
      </ctx:CreationTimeExtension>
    </extensions>
  </wpt>
  <wpt lat="31.454381374642253" lon="-109.91919944062829">
    <ele>1712.671199999999999</ele>
    <time>2018-09-22T01:33:37Z</time>
    <name>Zac #45</name>
    <cmt>12-SEP-18 2:55:12PM</cmt>
    <desc>12-SEP-18 2:55:12PM</desc>
    <sym>City (Small)</sym>
    <type>user</type>
    <extensions>
      <gpxx:WaypointExtension>
        <gpxx:DisplayMode>SymbolOnly</gpxx:DisplayMode>
      </gpxx:WaypointExtension>
      <wptx1:WaypointExtension>
        <wptx1:DisplayMode>SymbolOnly</wptx1:DisplayMode>
      </wptx1:WaypointExtension>
      <ctx:CreationTimeExtension>
        <ctx:CreationTime>2018-09-22T01:33:37Z</ctx:CreationTime>
      </ctx:CreationTimeExtension>
    </extensions>
  </wpt>
  <wpt lat="31.454272074624896" lon="-109.91946087218821">
    <ele>1717.852800000000116</ele>
    <time>2018-09-22T01:33:37Z</time>
    <name>Zac #46</name>
    <cmt>12-SEP-18 2:57:55PM</cmt>
    <desc>12-SEP-18 2:57:55PM</desc>
    <sym>City (Small)</sym>
    <type>user</type>
    <extensions>
      <gpxx:WaypointExtension>
        <gpxx:DisplayMode>SymbolOnly</gpxx:DisplayMode>
      </gpxx:WaypointExtension>
      <wptx1:WaypointExtension>
        <wptx1:DisplayMode>SymbolOnly</wptx1:DisplayMode>
      </wptx1:WaypointExtension>
      <ctx:CreationTimeExtension>
        <ctx:CreationTime>2018-09-22T01:33:37Z</ctx:CreationTime>
      </ctx:CreationTimeExtension>
    </extensions>
  </wpt>
  <wpt lat="31.454362012445927" lon="-109.919817103073001">
    <ele>1728.216000000000122</ele>
    <time>2018-09-22T01:33:37Z</time>
    <name>Zac #47</name>
    <cmt>12-SEP-18 3:00:52PM</cmt>
    <desc>12-SEP-18 3:00:52PM</desc>
    <sym>City (Small)</sym>
    <type>user</type>
    <extensions>
      <gpxx:WaypointExtension>
        <gpxx:DisplayMode>SymbolOnly</gpxx:DisplayMode>
      </gpxx:WaypointExtension>
      <wptx1:WaypointExtension>
        <wptx1:DisplayMode>SymbolOnly</wptx1:DisplayMode>
      </wptx1:WaypointExtension>
      <ctx:CreationTimeExtension>
        <ctx:CreationTime>2018-09-22T01:33:37Z</ctx:CreationTime>
      </ctx:CreationTimeExtension>
    </extensions>
  </wpt>
  <wpt lat="31.454356061294675" lon="-109.920007288455963">
    <ele>1733.397600000000011</ele>
    <time>2018-09-22T01:33:37Z</time>
    <name>Zac #48</name>
    <cmt>12-SEP-18 3:03:38PM</cmt>
    <desc>12-SEP-18 3:03:38PM</desc>
    <sym>City (Small)</sym>
    <type>user</type>
    <extensions>
      <gpxx:WaypointExtension>
        <gpxx:DisplayMode>SymbolOnly</gpxx:DisplayMode>
      </gpxx:WaypointExtension>
      <wptx1:WaypointExtension>
        <wptx1:DisplayMode>SymbolOnly</wptx1:DisplayMode>
      </wptx1:WaypointExtension>
      <ctx:CreationTimeExtension>
        <ctx:CreationTime>2018-09-22T01:33:37Z</ctx:CreationTime>
      </ctx:CreationTimeExtension>
    </extensions>
  </wpt>
  <wpt lat="31.454268051311374" lon="-109.920226726680994">
    <ele>1744.065600000000131</ele>
    <time>2018-09-22T01:33:37Z</time>
    <name>Zac #49</name>
    <cmt>12-SEP-18 3:07:35PM</cmt>
    <desc>12-SEP-18 3:07:35PM</desc>
    <sym>City (Small)</sym>
    <type>user</type>
    <extensions>
      <gpxx:WaypointExtension>
        <gpxx:DisplayMode>SymbolOnly</gpxx:DisplayMode>
      </gpxx:WaypointExtension>
      <wptx1:WaypointExtension>
        <wptx1:DisplayMode>SymbolOnly</wptx1:DisplayMode>
      </wptx1:WaypointExtension>
      <ctx:CreationTimeExtension>
        <ctx:CreationTime>2018-09-22T01:33:37Z</ctx:CreationTime>
      </ctx:CreationTimeExtension>
    </extensions>
  </wpt>
  <wpt lat="31.450321516022086" lon="-109.916288321837783">
    <ele>1642.872000000000071</ele>
    <time>2018-09-22T01:33:37Z</time>
    <name>Zac #5</name>
    <cmt>02-SEP-18 11:15:10AM</cmt>
    <desc>02-SEP-18 11:15:10AM</desc>
    <sym>City (Small)</sym>
    <type>user</type>
    <extensions>
      <gpxx:WaypointExtension>
        <gpxx:DisplayMode>SymbolOnly</gpxx:DisplayMode>
      </gpxx:WaypointExtension>
      <wptx1:WaypointExtension>
        <wptx1:DisplayMode>SymbolOnly</wptx1:DisplayMode>
      </wptx1:WaypointExtension>
      <ctx:CreationTimeExtension>
        <ctx:CreationTime>2018-09-22T01:33:37Z</ctx:CreationTime>
      </ctx:CreationTimeExtension>
    </extensions>
  </wpt>
  <wpt lat="31.454272661358118" lon="-109.920313898473978">
    <ele>1749.247200000000021</ele>
    <time>2018-09-22T01:33:37Z</time>
    <name>Zac #50</name>
    <cmt>12-SEP-18 3:10:21PM</cmt>
    <desc>12-SEP-18 3:10:21PM</desc>
    <sym>City (Small)</sym>
    <type>user</type>
    <extensions>
      <gpxx:WaypointExtension>
        <gpxx:DisplayMode>SymbolOnly</gpxx:DisplayMode>
      </gpxx:WaypointExtension>
      <wptx1:WaypointExtension>
        <wptx1:DisplayMode>SymbolOnly</wptx1:DisplayMode>
      </wptx1:WaypointExtension>
      <ctx:CreationTimeExtension>
        <ctx:CreationTime>2018-09-22T01:33:37Z</ctx:CreationTime>
      </ctx:CreationTimeExtension>
    </extensions>
  </wpt>
  <wpt lat="31.454256065189838" lon="-109.920522440224886">
    <ele>1749.552000000000135</ele>
    <time>2018-09-22T01:33:37Z</time>
    <name>Zac #51</name>
    <cmt>12-SEP-18 3:10:47PM</cmt>
    <desc>12-SEP-18 3:10:47PM</desc>
    <sym>City (Small)</sym>
    <type>user</type>
    <extensions>
      <gpxx:WaypointExtension>
        <gpxx:DisplayMode>SymbolOnly</gpxx:DisplayMode>
      </gpxx:WaypointExtension>
      <wptx1:WaypointExtension>
        <wptx1:DisplayMode>SymbolOnly</wptx1:DisplayMode>
      </wptx1:WaypointExtension>
      <ctx:CreationTimeExtension>
        <ctx:CreationTime>2018-09-22T01:33:37Z</ctx:CreationTime>
      </ctx:CreationTimeExtension>
    </extensions>
  </wpt>
  <wpt lat="31.454466702416539" lon="-109.920737016946077">
    <ele>1755.038400000000138</ele>
    <time>2018-09-22T01:33:37Z</time>
    <name>Zac #52</name>
    <cmt>12-SEP-18 3:13:30PM</cmt>
    <desc>12-SEP-18 3:13:30PM</desc>
    <sym>City (Small)</sym>
    <type>user</type>
    <extensions>
      <gpxx:WaypointExtension>
        <gpxx:DisplayMode>SymbolOnly</gpxx:DisplayMode>
      </gpxx:WaypointExtension>
      <wptx1:WaypointExtension>
        <wptx1:DisplayMode>SymbolOnly</wptx1:DisplayMode>
      </wptx1:WaypointExtension>
      <ctx:CreationTimeExtension>
        <ctx:CreationTime>2018-09-22T01:33:37Z</ctx:CreationTime>
      </ctx:CreationTimeExtension>
    </extensions>
  </wpt>
  <wpt lat="31.454525627195835" lon="-109.920979337766767">
    <ele>1755.648000000000138</ele>
    <time>2018-09-22T01:33:37Z</time>
    <name>Zac #53</name>
    <cmt>12-SEP-18 3:14:26PM</cmt>
    <desc>12-SEP-18 3:14:26PM</desc>
    <sym>City (Small)</sym>
    <type>user</type>
    <extensions>
      <gpxx:WaypointExtension>
        <gpxx:DisplayMode>SymbolOnly</gpxx:DisplayMode>
      </gpxx:WaypointExtension>
      <wptx1:WaypointExtension>
        <wptx1:DisplayMode>SymbolOnly</wptx1:DisplayMode>
      </wptx1:WaypointExtension>
      <ctx:CreationTimeExtension>
        <ctx:CreationTime>2018-09-22T01:33:37Z</ctx:CreationTime>
      </ctx:CreationTimeExtension>
    </extensions>
  </wpt>
  <wpt lat="31.454625455662608" lon="-109.921131385490298">
    <ele>1757.781600000000026</ele>
    <time>2018-09-22T01:33:37Z</time>
    <name>Zac #54</name>
    <cmt>12-SEP-18 3:16:20PM</cmt>
    <desc>12-SEP-18 3:16:20PM</desc>
    <sym>City (Small)</sym>
    <type>user</type>
    <extensions>
      <gpxx:WaypointExtension>
        <gpxx:DisplayMode>SymbolOnly</gpxx:DisplayMode>
      </gpxx:WaypointExtension>
      <wptx1:WaypointExtension>
        <wptx1:DisplayMode>SymbolOnly</wptx1:DisplayMode>
      </wptx1:WaypointExtension>
      <ctx:CreationTimeExtension>
        <ctx:CreationTime>2018-09-22T01:33:37Z</ctx:CreationTime>
      </ctx:CreationTimeExtension>
    </extensions>
  </wpt>
  <wpt lat="31.454630568623543" lon="-109.921321654692292">
    <ele>1761.439200000000028</ele>
    <time>2018-09-22T01:33:37Z</time>
    <name>Zac #55</name>
    <cmt>12-SEP-18 3:18:38PM</cmt>
    <desc>12-SEP-18 3:18:38PM</desc>
    <sym>City (Small)</sym>
    <type>user</type>
    <extensions>
      <gpxx:WaypointExtension>
        <gpxx:DisplayMode>SymbolOnly</gpxx:DisplayMode>
      </gpxx:WaypointExtension>
      <wptx1:WaypointExtension>
        <wptx1:DisplayMode>SymbolOnly</wptx1:DisplayMode>
      </wptx1:WaypointExtension>
      <ctx:CreationTimeExtension>
        <ctx:CreationTime>2018-09-22T01:33:37Z</ctx:CreationTime>
      </ctx:CreationTimeExtension>
    </extensions>
  </wpt>
  <wpt lat="31.454537026584148" lon="-109.921605633571744">
    <ele>1762.963200000000143</ele>
    <time>2018-09-22T01:33:37Z</time>
    <name>Zac #56</name>
    <cmt>12-SEP-18 3:20:27PM</cmt>
    <desc>12-SEP-18 3:20:27PM</desc>
    <sym>City (Small)</sym>
    <type>user</type>
    <extensions>
      <gpxx:WaypointExtension>
        <gpxx:DisplayMode>SymbolOnly</gpxx:DisplayMode>
      </gpxx:WaypointExtension>
      <wptx1:WaypointExtension>
        <wptx1:DisplayMode>SymbolOnly</wptx1:DisplayMode>
      </wptx1:WaypointExtension>
      <ctx:CreationTimeExtension>
        <ctx:CreationTime>2018-09-22T01:33:37Z</ctx:CreationTime>
      </ctx:CreationTimeExtension>
    </extensions>
  </wpt>
  <wpt lat="31.454518167302012" lon="-109.921902688220143">
    <ele>1765.706400000000031</ele>
    <time>2018-09-22T01:33:37Z</time>
    <name>Zac #57</name>
    <cmt>12-SEP-18 3:22:04PM</cmt>
    <desc>12-SEP-18 3:22:04PM</desc>
    <sym>City (Small)</sym>
    <type>user</type>
    <extensions>
      <gpxx:WaypointExtension>
        <gpxx:DisplayMode>SymbolOnly</gpxx:DisplayMode>
      </gpxx:WaypointExtension>
      <wptx1:WaypointExtension>
        <wptx1:DisplayMode>SymbolOnly</wptx1:DisplayMode>
      </wptx1:WaypointExtension>
      <ctx:CreationTimeExtension>
        <ctx:CreationTime>2018-09-22T01:33:37Z</ctx:CreationTime>
      </ctx:CreationTimeExtension>
    </extensions>
  </wpt>
  <wpt lat="31.454447591677308" lon="-109.922265876084566">
    <ele>1770.278400000000147</ele>
    <time>2018-09-22T01:33:37Z</time>
    <name>Zac #58</name>
    <cmt>12-SEP-18 3:23:37PM</cmt>
    <desc>12-SEP-18 3:23:37PM</desc>
    <sym>City (Small)</sym>
    <type>user</type>
    <extensions>
      <gpxx:WaypointExtension>
        <gpxx:DisplayMode>SymbolOnly</gpxx:DisplayMode>
      </gpxx:WaypointExtension>
      <wptx1:WaypointExtension>
        <wptx1:DisplayMode>SymbolOnly</wptx1:DisplayMode>
      </wptx1:WaypointExtension>
      <ctx:CreationTimeExtension>
        <ctx:CreationTime>2018-09-22T01:33:37Z</ctx:CreationTime>
      </ctx:CreationTimeExtension>
    </extensions>
  </wpt>
  <wpt lat="31.454493859782815" lon="-109.922462180256844">
    <ele>1771.497600000000148</ele>
    <time>2018-09-22T01:33:37Z</time>
    <name>Zac #59</name>
    <cmt>12-SEP-18 3:25:07PM</cmt>
    <desc>12-SEP-18 3:25:07PM</desc>
    <sym>City (Small)</sym>
    <type>user</type>
    <extensions>
      <gpxx:WaypointExtension>
        <gpxx:DisplayMode>SymbolOnly</gpxx:DisplayMode>
      </gpxx:WaypointExtension>
      <wptx1:WaypointExtension>
        <wptx1:DisplayMode>SymbolOnly</wptx1:DisplayMode>
      </wptx1:WaypointExtension>
      <ctx:CreationTimeExtension>
        <ctx:CreationTime>2018-09-22T01:33:37Z</ctx:CreationTime>
      </ctx:CreationTimeExtension>
    </extensions>
  </wpt>
  <wpt lat="31.45032168366015" lon="-109.916347665712237">
    <ele>1644.700800000000072</ele>
    <time>2018-09-22T01:33:37Z</time>
    <name>Zac #6</name>
    <cmt>02-SEP-18 11:15:36AM</cmt>
    <desc>02-SEP-18 11:15:36AM</desc>
    <sym>City (Small)</sym>
    <type>user</type>
    <extensions>
      <gpxx:WaypointExtension>
        <gpxx:DisplayMode>SymbolOnly</gpxx:DisplayMode>
      </gpxx:WaypointExtension>
      <wptx1:WaypointExtension>
        <wptx1:DisplayMode>SymbolOnly</wptx1:DisplayMode>
      </wptx1:WaypointExtension>
      <ctx:CreationTimeExtension>
        <ctx:CreationTime>2018-09-22T01:33:37Z</ctx:CreationTime>
      </ctx:CreationTimeExtension>
    </extensions>
  </wpt>
  <wpt lat="31.454428397119045" lon="-109.922729060053825">
    <ele>1776.984000000000151</ele>
    <time>2018-09-22T01:33:37Z</time>
    <name>Zac #60</name>
    <cmt>12-SEP-18 3:27:13PM</cmt>
    <desc>12-SEP-18 3:27:13PM</desc>
    <sym>City (Small)</sym>
    <type>user</type>
    <extensions>
      <gpxx:WaypointExtension>
        <gpxx:DisplayMode>SymbolOnly</gpxx:DisplayMode>
      </gpxx:WaypointExtension>
      <wptx1:WaypointExtension>
        <wptx1:DisplayMode>SymbolOnly</wptx1:DisplayMode>
      </wptx1:WaypointExtension>
      <ctx:CreationTimeExtension>
        <ctx:CreationTime>2018-09-22T01:33:37Z</ctx:CreationTime>
      </ctx:CreationTimeExtension>
    </extensions>
  </wpt>
  <wpt lat="31.45439051091671" lon="-109.922949001193047">
    <ele>1784.604000000000042</ele>
    <time>2018-09-22T01:33:37Z</time>
    <name>Zac #61</name>
    <cmt>12-SEP-18 3:29:49PM</cmt>
    <desc>12-SEP-18 3:29:49PM</desc>
    <sym>City (Small)</sym>
    <type>user</type>
    <extensions>
      <gpxx:WaypointExtension>
        <gpxx:DisplayMode>SymbolOnly</gpxx:DisplayMode>
      </gpxx:WaypointExtension>
      <wptx1:WaypointExtension>
        <wptx1:DisplayMode>SymbolOnly</wptx1:DisplayMode>
      </wptx1:WaypointExtension>
      <ctx:CreationTimeExtension>
        <ctx:CreationTime>2018-09-22T01:33:37Z</ctx:CreationTime>
      </ctx:CreationTimeExtension>
    </extensions>
  </wpt>
  <wpt lat="31.454360755160451" lon="-109.923080345615745">
    <ele>1789.480800000000045</ele>
    <time>2018-09-22T01:33:37Z</time>
    <name>Zac #62</name>
    <cmt>12-SEP-18 3:32:13PM</cmt>
    <desc>12-SEP-18 3:32:13PM</desc>
    <sym>City (Small)</sym>
    <type>user</type>
    <extensions>
      <gpxx:WaypointExtension>
        <gpxx:DisplayMode>SymbolOnly</gpxx:DisplayMode>
      </gpxx:WaypointExtension>
      <wptx1:WaypointExtension>
        <wptx1:DisplayMode>SymbolOnly</wptx1:DisplayMode>
      </wptx1:WaypointExtension>
      <ctx:CreationTimeExtension>
        <ctx:CreationTime>2018-09-22T01:33:37Z</ctx:CreationTime>
      </ctx:CreationTimeExtension>
    </extensions>
  </wpt>
  <wpt lat="31.454357486218214" lon="-109.923171121627092">
    <ele>1791.919200000000046</ele>
    <time>2018-09-22T01:33:37Z</time>
    <name>Zac #63</name>
    <cmt>12-SEP-18 3:33:44PM</cmt>
    <desc>12-SEP-18 3:33:44PM</desc>
    <sym>City (Small)</sym>
    <type>user</type>
    <extensions>
      <gpxx:WaypointExtension>
        <gpxx:DisplayMode>SymbolOnly</gpxx:DisplayMode>
      </gpxx:WaypointExtension>
      <wptx1:WaypointExtension>
        <wptx1:DisplayMode>SymbolOnly</wptx1:DisplayMode>
      </wptx1:WaypointExtension>
      <ctx:CreationTimeExtension>
        <ctx:CreationTime>2018-09-22T01:33:37Z</ctx:CreationTime>
      </ctx:CreationTimeExtension>
    </extensions>
  </wpt>
  <wpt lat="31.454319516196847" lon="-109.923374382779002">
    <ele>1794.967200000000048</ele>
    <time>2018-09-22T01:33:37Z</time>
    <name>Zac #64</name>
    <cmt>12-SEP-18 3:35:39PM</cmt>
    <desc>12-SEP-18 3:35:39PM</desc>
    <sym>City (Small)</sym>
    <type>user</type>
    <extensions>
      <gpxx:WaypointExtension>
        <gpxx:DisplayMode>SymbolOnly</gpxx:DisplayMode>
      </gpxx:WaypointExtension>
      <wptx1:WaypointExtension>
        <wptx1:DisplayMode>SymbolOnly</wptx1:DisplayMode>
      </wptx1:WaypointExtension>
      <ctx:CreationTimeExtension>
        <ctx:CreationTime>2018-09-22T01:33:37Z</ctx:CreationTime>
      </ctx:CreationTimeExtension>
    </extensions>
  </wpt>
  <wpt lat="31.454413561150432" lon="-109.923629444092512">
    <ele>1803.501600000000053</ele>
    <time>2018-09-22T01:33:37Z</time>
    <name>Zac #65</name>
    <cmt>12-SEP-18 3:38:33PM</cmt>
    <desc>12-SEP-18 3:38:33PM</desc>
    <sym>City (Small)</sym>
    <type>user</type>
    <extensions>
      <gpxx:WaypointExtension>
        <gpxx:DisplayMode>SymbolOnly</gpxx:DisplayMode>
      </gpxx:WaypointExtension>
      <wptx1:WaypointExtension>
        <wptx1:DisplayMode>SymbolOnly</wptx1:DisplayMode>
      </wptx1:WaypointExtension>
      <ctx:CreationTimeExtension>
        <ctx:CreationTime>2018-09-22T01:33:37Z</ctx:CreationTime>
      </ctx:CreationTimeExtension>
    </extensions>
  </wpt>
  <wpt lat="31.454613553360105" lon="-109.924285747110844">
    <ele>1820.875200000000177</ele>
    <time>2018-09-22T01:33:37Z</time>
    <name>Zac #66</name>
    <cmt>12-SEP-18 3:42:40PM</cmt>
    <desc>12-SEP-18 3:42:40PM</desc>
    <sym>City (Small)</sym>
    <type>user</type>
    <extensions>
      <gpxx:WaypointExtension>
        <gpxx:DisplayMode>SymbolOnly</gpxx:DisplayMode>
      </gpxx:WaypointExtension>
      <wptx1:WaypointExtension>
        <wptx1:DisplayMode>SymbolOnly</wptx1:DisplayMode>
      </wptx1:WaypointExtension>
      <ctx:CreationTimeExtension>
        <ctx:CreationTime>2018-09-22T01:33:37Z</ctx:CreationTime>
      </ctx:CreationTimeExtension>
    </extensions>
  </wpt>
  <wpt lat="31.45543472841382" lon="-109.917492466047406">
    <ele>1697.43119999999999</ele>
    <time>2018-09-22T01:33:37Z</time>
    <name>Zac #67</name>
    <cmt>21-SEP-18 3:13:25PM</cmt>
    <desc>21-SEP-18 3:13:25PM</desc>
    <sym>City (Small)</sym>
    <type>user</type>
    <extensions>
      <gpxx:WaypointExtension>
        <gpxx:DisplayMode>SymbolOnly</gpxx:DisplayMode>
      </gpxx:WaypointExtension>
      <wptx1:WaypointExtension>
        <wptx1:DisplayMode>SymbolOnly</wptx1:DisplayMode>
      </wptx1:WaypointExtension>
      <ctx:CreationTimeExtension>
        <ctx:CreationTime>2018-09-22T01:33:37Z</ctx:CreationTime>
      </ctx:CreationTimeExtension>
    </extensions>
  </wpt>
  <wpt lat="31.455487869679928" lon="-109.917496321722865">
    <ele>1696.516800000000103</ele>
    <time>2018-09-22T01:33:37Z</time>
    <name>Zac #68</name>
    <cmt>21-SEP-18 3:03:58PM</cmt>
    <desc>21-SEP-18 3:03:58PM</desc>
    <sym>City (Small)</sym>
    <type>user</type>
    <extensions>
      <gpxx:WaypointExtension>
        <gpxx:DisplayMode>SymbolOnly</gpxx:DisplayMode>
      </gpxx:WaypointExtension>
      <wptx1:WaypointExtension>
        <wptx1:DisplayMode>SymbolOnly</wptx1:DisplayMode>
      </wptx1:WaypointExtension>
      <ctx:CreationTimeExtension>
        <ctx:CreationTime>2018-09-22T01:33:37Z</ctx:CreationTime>
      </ctx:CreationTimeExtension>
    </extensions>
  </wpt>
  <wpt lat="31.455922219902277" lon="-109.917918853461742">
    <ele>1704.441600000000108</ele>
    <time>2018-09-22T01:33:37Z</time>
    <name>Zac #69</name>
    <cmt>21-SEP-18 3:16:20PM</cmt>
    <desc>21-SEP-18 3:16:20PM</desc>
    <sym>City (Small)</sym>
    <type>user</type>
    <extensions>
      <gpxx:WaypointExtension>
        <gpxx:DisplayMode>SymbolOnly</gpxx:DisplayMode>
      </gpxx:WaypointExtension>
      <wptx1:WaypointExtension>
        <wptx1:DisplayMode>SymbolOnly</wptx1:DisplayMode>
      </wptx1:WaypointExtension>
      <ctx:CreationTimeExtension>
        <ctx:CreationTime>2018-09-22T01:33:37Z</ctx:CreationTime>
      </ctx:CreationTimeExtension>
    </extensions>
  </wpt>
  <wpt lat="31.450312044471502" lon="-109.916493929922581">
    <ele>1649.577600000000075</ele>
    <time>2018-09-22T01:33:37Z</time>
    <name>Zac #7</name>
    <cmt>02-SEP-18 11:17:49AM</cmt>
    <desc>02-SEP-18 11:17:49AM</desc>
    <sym>City (Small)</sym>
    <type>user</type>
    <extensions>
      <gpxx:WaypointExtension>
        <gpxx:DisplayMode>SymbolOnly</gpxx:DisplayMode>
      </gpxx:WaypointExtension>
      <wptx1:WaypointExtension>
        <wptx1:DisplayMode>SymbolOnly</wptx1:DisplayMode>
      </wptx1:WaypointExtension>
      <ctx:CreationTimeExtension>
        <ctx:CreationTime>2018-09-22T01:33:37Z</ctx:CreationTime>
      </ctx:CreationTimeExtension>
    </extensions>
  </wpt>
  <wpt lat="31.456163702532649" lon="-109.918019436299801">
    <ele>1707.184799999999996</ele>
    <time>2018-09-22T01:33:37Z</time>
    <name>Zac #70</name>
    <cmt>21-SEP-18 3:17:55PM</cmt>
    <desc>21-SEP-18 3:17:55PM</desc>
    <sym>City (Small)</sym>
    <type>user</type>
    <extensions>
      <gpxx:WaypointExtension>
        <gpxx:DisplayMode>SymbolOnly</gpxx:DisplayMode>
      </gpxx:WaypointExtension>
      <wptx1:WaypointExtension>
        <wptx1:DisplayMode>SymbolOnly</wptx1:DisplayMode>
      </wptx1:WaypointExtension>
      <ctx:CreationTimeExtension>
        <ctx:CreationTime>2018-09-22T01:33:37Z</ctx:CreationTime>
      </ctx:CreationTimeExtension>
    </extensions>
  </wpt>
  <wpt lat="31.456497637555003" lon="-109.918432999402285">
    <ele>1710.537600000000111</ele>
    <time>2018-09-22T01:33:37Z</time>
    <name>Zac #71</name>
    <cmt>21-SEP-18 3:19:35PM</cmt>
    <desc>21-SEP-18 3:19:35PM</desc>
    <sym>City (Small)</sym>
    <type>user</type>
    <extensions>
      <gpxx:WaypointExtension>
        <gpxx:DisplayMode>SymbolOnly</gpxx:DisplayMode>
      </gpxx:WaypointExtension>
      <wptx1:WaypointExtension>
        <wptx1:DisplayMode>SymbolOnly</wptx1:DisplayMode>
      </wptx1:WaypointExtension>
      <ctx:CreationTimeExtension>
        <ctx:CreationTime>2018-09-22T01:33:37Z</ctx:CreationTime>
      </ctx:CreationTimeExtension>
    </extensions>
  </wpt>
  <wpt lat="31.456647841259837" lon="-109.918778585270047">
    <ele>1712.366400000000112</ele>
    <time>2018-09-22T01:33:37Z</time>
    <name>Zac #72</name>
    <cmt>21-SEP-18 3:21:08PM</cmt>
    <desc>21-SEP-18 3:21:08PM</desc>
    <sym>City (Small)</sym>
    <type>user</type>
    <extensions>
      <gpxx:WaypointExtension>
        <gpxx:DisplayMode>SymbolOnly</gpxx:DisplayMode>
      </gpxx:WaypointExtension>
      <wptx1:WaypointExtension>
        <wptx1:DisplayMode>SymbolOnly</wptx1:DisplayMode>
      </wptx1:WaypointExtension>
      <ctx:CreationTimeExtension>
        <ctx:CreationTime>2018-09-22T01:33:37Z</ctx:CreationTime>
      </ctx:CreationTimeExtension>
    </extensions>
  </wpt>
  <wpt lat="31.456814305856824" lon="-109.918968938291073">
    <ele>1713.280799999999999</ele>
    <time>2018-09-22T01:33:37Z</time>
    <name>Zac #73</name>
    <cmt>21-SEP-18 3:22:30PM</cmt>
    <desc>21-SEP-18 3:22:30PM</desc>
    <sym>City (Small)</sym>
    <type>user</type>
    <extensions>
      <gpxx:WaypointExtension>
        <gpxx:DisplayMode>SymbolOnly</gpxx:DisplayMode>
      </gpxx:WaypointExtension>
      <wptx1:WaypointExtension>
        <wptx1:DisplayMode>SymbolOnly</wptx1:DisplayMode>
      </wptx1:WaypointExtension>
      <ctx:CreationTimeExtension>
        <ctx:CreationTime>2018-09-22T01:33:37Z</ctx:CreationTime>
      </ctx:CreationTimeExtension>
    </extensions>
  </wpt>
  <wpt lat="31.457058219239116" lon="-109.919409155845642">
    <ele>1714.804800000000114</ele>
    <time>2018-09-22T01:33:37Z</time>
    <name>Zac #74</name>
    <cmt>21-SEP-18 3:24:49PM</cmt>
    <desc>21-SEP-18 3:24:49PM</desc>
    <sym>City (Small)</sym>
    <type>user</type>
    <extensions>
      <gpxx:WaypointExtension>
        <gpxx:DisplayMode>SymbolOnly</gpxx:DisplayMode>
      </gpxx:WaypointExtension>
      <wptx1:WaypointExtension>
        <wptx1:DisplayMode>SymbolOnly</wptx1:DisplayMode>
      </wptx1:WaypointExtension>
      <ctx:CreationTimeExtension>
        <ctx:CreationTime>2018-09-22T01:33:37Z</ctx:CreationTime>
      </ctx:CreationTimeExtension>
    </extensions>
  </wpt>
  <wpt lat="31.457141702994704" lon="-109.919635383412242">
    <ele>1717.852800000000116</ele>
    <time>2018-09-22T01:33:37Z</time>
    <name>Zac #75</name>
    <cmt>21-SEP-18 3:25:53PM</cmt>
    <desc>21-SEP-18 3:25:53PM</desc>
    <sym>City (Small)</sym>
    <type>user</type>
    <extensions>
      <gpxx:WaypointExtension>
        <gpxx:DisplayMode>SymbolOnly</gpxx:DisplayMode>
      </gpxx:WaypointExtension>
      <wptx1:WaypointExtension>
        <wptx1:DisplayMode>SymbolOnly</wptx1:DisplayMode>
      </wptx1:WaypointExtension>
      <ctx:CreationTimeExtension>
        <ctx:CreationTime>2018-09-22T01:33:37Z</ctx:CreationTime>
      </ctx:CreationTimeExtension>
    </extensions>
  </wpt>
  <wpt lat="31.457127789035439" lon="-109.919801093637943">
    <ele>1716.938400000000001</ele>
    <time>2018-09-22T01:33:37Z</time>
    <name>Zac #76</name>
    <cmt>21-SEP-18 3:27:30PM</cmt>
    <desc>21-SEP-18 3:27:30PM</desc>
    <sym>City (Small)</sym>
    <type>user</type>
    <extensions>
      <gpxx:WaypointExtension>
        <gpxx:DisplayMode>SymbolOnly</gpxx:DisplayMode>
      </gpxx:WaypointExtension>
      <wptx1:WaypointExtension>
        <wptx1:DisplayMode>SymbolOnly</wptx1:DisplayMode>
      </wptx1:WaypointExtension>
      <ctx:CreationTimeExtension>
        <ctx:CreationTime>2018-09-22T01:33:37Z</ctx:CreationTime>
      </ctx:CreationTimeExtension>
    </extensions>
  </wpt>
  <wpt lat="31.457048412412405" lon="-109.92015958763659">
    <ele>1721.205600000000004</ele>
    <time>2018-09-22T01:33:37Z</time>
    <name>Zac #77</name>
    <cmt>21-SEP-18 3:29:10PM</cmt>
    <desc>21-SEP-18 3:29:10PM</desc>
    <sym>City (Small)</sym>
    <type>user</type>
    <extensions>
      <gpxx:WaypointExtension>
        <gpxx:DisplayMode>SymbolOnly</gpxx:DisplayMode>
      </gpxx:WaypointExtension>
      <wptx1:WaypointExtension>
        <wptx1:DisplayMode>SymbolOnly</wptx1:DisplayMode>
      </wptx1:WaypointExtension>
      <ctx:CreationTimeExtension>
        <ctx:CreationTime>2018-09-22T01:33:37Z</ctx:CreationTime>
      </ctx:CreationTimeExtension>
    </extensions>
  </wpt>
  <wpt lat="31.457364913076162" lon="-109.920619921758771">
    <ele>1725.77760000000012</ele>
    <time>2018-09-22T01:33:37Z</time>
    <name>Zac #78</name>
    <cmt>21-SEP-18 3:32:08PM</cmt>
    <desc>21-SEP-18 3:32:08PM</desc>
    <sym>City (Small)</sym>
    <type>user</type>
    <extensions>
      <gpxx:WaypointExtension>
        <gpxx:DisplayMode>SymbolOnly</gpxx:DisplayMode>
      </gpxx:WaypointExtension>
      <wptx1:WaypointExtension>
        <wptx1:DisplayMode>SymbolOnly</wptx1:DisplayMode>
      </wptx1:WaypointExtension>
      <ctx:CreationTimeExtension>
        <ctx:CreationTime>2018-09-22T01:33:37Z</ctx:CreationTime>
      </ctx:CreationTimeExtension>
    </extensions>
  </wpt>
  <wpt lat="31.457440853118896" lon="-109.920831480994821">
    <ele>1724.55840000000012</ele>
    <time>2018-09-22T01:33:37Z</time>
    <name>Zac #79</name>
    <cmt>21-SEP-18 3:33:05PM</cmt>
    <desc>21-SEP-18 3:33:05PM</desc>
    <sym>City (Small)</sym>
    <type>user</type>
    <extensions>
      <gpxx:WaypointExtension>
        <gpxx:DisplayMode>SymbolOnly</gpxx:DisplayMode>
      </gpxx:WaypointExtension>
      <wptx1:WaypointExtension>
        <wptx1:DisplayMode>SymbolOnly</wptx1:DisplayMode>
      </wptx1:WaypointExtension>
      <ctx:CreationTimeExtension>
        <ctx:CreationTime>2018-09-22T01:33:37Z</ctx:CreationTime>
      </ctx:CreationTimeExtension>
    </extensions>
  </wpt>
  <wpt lat="31.450286060571671" lon="-109.91697421297431">
    <ele>1657.807200000000194</ele>
    <time>2018-09-22T01:33:37Z</time>
    <name>Zac #8 Well</name>
    <cmt>02-SEP-18 11:20:23AM</cmt>
    <desc>02-SEP-18 11:20:23AM</desc>
    <sym>City (Small)</sym>
    <type>user</type>
    <extensions>
      <gpxx:WaypointExtension>
        <gpxx:DisplayMode>SymbolOnly</gpxx:DisplayMode>
      </gpxx:WaypointExtension>
      <wptx1:WaypointExtension>
        <wptx1:DisplayMode>SymbolOnly</wptx1:DisplayMode>
      </wptx1:WaypointExtension>
      <ctx:CreationTimeExtension>
        <ctx:CreationTime>2018-09-22T01:33:37Z</ctx:CreationTime>
      </ctx:CreationTimeExtension>
    </extensions>
  </wpt>
  <wpt lat="31.457412773743272" lon="-109.920954024419188">
    <ele>1725.472800000000007</ele>
    <time>2018-09-22T01:33:37Z</time>
    <name>Zac #80</name>
    <cmt>21-SEP-18 3:34:52PM</cmt>
    <desc>21-SEP-18 3:34:52PM</desc>
    <sym>City (Small)</sym>
    <type>user</type>
    <extensions>
      <gpxx:WaypointExtension>
        <gpxx:DisplayMode>SymbolOnly</gpxx:DisplayMode>
      </gpxx:WaypointExtension>
      <wptx1:WaypointExtension>
        <wptx1:DisplayMode>SymbolOnly</wptx1:DisplayMode>
      </wptx1:WaypointExtension>
      <ctx:CreationTimeExtension>
        <ctx:CreationTime>2018-09-22T01:33:37Z</ctx:CreationTime>
      </ctx:CreationTimeExtension>
    </extensions>
  </wpt>
  <wpt lat="31.457582339644432" lon="-109.921075226739049">
    <ele>1727.606400000000122</ele>
    <time>2018-09-22T01:33:37Z</time>
    <name>Zac #81</name>
    <cmt>21-SEP-18 3:36:17PM</cmt>
    <desc>21-SEP-18 3:36:17PM</desc>
    <sym>City (Small)</sym>
    <type>user</type>
    <extensions>
      <gpxx:WaypointExtension>
        <gpxx:DisplayMode>SymbolOnly</gpxx:DisplayMode>
      </gpxx:WaypointExtension>
      <wptx1:WaypointExtension>
        <wptx1:DisplayMode>SymbolOnly</wptx1:DisplayMode>
      </wptx1:WaypointExtension>
      <ctx:CreationTimeExtension>
        <ctx:CreationTime>2018-09-22T01:33:37Z</ctx:CreationTime>
      </ctx:CreationTimeExtension>
    </extensions>
  </wpt>
  <wpt lat="31.457703541964293" lon="-109.921325761824846">
    <ele>1730.349600000000009</ele>
    <time>2018-09-22T01:33:37Z</time>
    <name>Zac #82</name>
    <cmt>21-SEP-18 3:38:03PM</cmt>
    <desc>21-SEP-18 3:38:03PM</desc>
    <sym>City (Small)</sym>
    <type>user</type>
    <extensions>
      <gpxx:WaypointExtension>
        <gpxx:DisplayMode>SymbolOnly</gpxx:DisplayMode>
      </gpxx:WaypointExtension>
      <wptx1:WaypointExtension>
        <wptx1:DisplayMode>SymbolOnly</wptx1:DisplayMode>
      </wptx1:WaypointExtension>
      <ctx:CreationTimeExtension>
        <ctx:CreationTime>2018-09-22T01:33:37Z</ctx:CreationTime>
      </ctx:CreationTimeExtension>
    </extensions>
  </wpt>
  <wpt lat="31.45766825415194" lon="-109.921559784561396">
    <ele>1734.312000000000126</ele>
    <time>2018-09-22T01:33:37Z</time>
    <name>Zac #83</name>
    <cmt>21-SEP-18 3:40:13PM</cmt>
    <desc>21-SEP-18 3:40:13PM</desc>
    <sym>City (Small)</sym>
    <type>user</type>
    <extensions>
      <gpxx:WaypointExtension>
        <gpxx:DisplayMode>SymbolOnly</gpxx:DisplayMode>
      </gpxx:WaypointExtension>
      <wptx1:WaypointExtension>
        <wptx1:DisplayMode>SymbolOnly</wptx1:DisplayMode>
      </wptx1:WaypointExtension>
      <ctx:CreationTimeExtension>
        <ctx:CreationTime>2018-09-22T01:33:37Z</ctx:CreationTime>
      </ctx:CreationTimeExtension>
    </extensions>
  </wpt>
  <wpt lat="31.457562055438757" lon="-109.922034116461873">
    <ele>1739.188800000000128</ele>
    <time>2018-09-22T01:33:37Z</time>
    <name>Zac #84</name>
    <cmt>21-SEP-18 3:43:37PM</cmt>
    <desc>21-SEP-18 3:43:37PM</desc>
    <sym>City (Small)</sym>
    <type>user</type>
    <extensions>
      <gpxx:WaypointExtension>
        <gpxx:DisplayMode>SymbolOnly</gpxx:DisplayMode>
      </gpxx:WaypointExtension>
      <wptx1:WaypointExtension>
        <wptx1:DisplayMode>SymbolOnly</wptx1:DisplayMode>
      </wptx1:WaypointExtension>
      <ctx:CreationTimeExtension>
        <ctx:CreationTime>2018-09-22T01:33:37Z</ctx:CreationTime>
      </ctx:CreationTimeExtension>
    </extensions>
  </wpt>
  <wpt lat="31.457493575289845" lon="-109.922190103679895">
    <ele>1739.798400000000129</ele>
    <time>2018-09-22T01:33:37Z</time>
    <name>Zac #85</name>
    <cmt>21-SEP-18 3:45:01PM</cmt>
    <desc>21-SEP-18 3:45:01PM</desc>
    <sym>City (Small)</sym>
    <type>user</type>
    <extensions>
      <gpxx:WaypointExtension>
        <gpxx:DisplayMode>SymbolOnly</gpxx:DisplayMode>
      </gpxx:WaypointExtension>
      <wptx1:WaypointExtension>
        <wptx1:DisplayMode>SymbolOnly</wptx1:DisplayMode>
      </wptx1:WaypointExtension>
      <ctx:CreationTimeExtension>
        <ctx:CreationTime>2018-09-22T01:33:37Z</ctx:CreationTime>
      </ctx:CreationTimeExtension>
    </extensions>
  </wpt>
  <wpt lat="31.457535568624735" lon="-109.922316335141659">
    <ele>1742.23680000000013</ele>
    <time>2018-09-22T01:33:37Z</time>
    <name>Zac #86</name>
    <cmt>21-SEP-18 3:47:34PM</cmt>
    <desc>21-SEP-18 3:47:34PM</desc>
    <sym>City (Small)</sym>
    <type>user</type>
    <extensions>
      <gpxx:WaypointExtension>
        <gpxx:DisplayMode>SymbolOnly</gpxx:DisplayMode>
      </gpxx:WaypointExtension>
      <wptx1:WaypointExtension>
        <wptx1:DisplayMode>SymbolOnly</wptx1:DisplayMode>
      </wptx1:WaypointExtension>
      <ctx:CreationTimeExtension>
        <ctx:CreationTime>2018-09-22T01:33:37Z</ctx:CreationTime>
      </ctx:CreationTimeExtension>
    </extensions>
  </wpt>
  <wpt lat="31.457559624686837" lon="-109.922438710927963">
    <ele>1742.541600000000017</ele>
    <time>2018-09-22T01:33:37Z</time>
    <name>Zac #87</name>
    <cmt>21-SEP-18 3:49:03PM</cmt>
    <desc>21-SEP-18 3:49:03PM</desc>
    <sym>City (Small)</sym>
    <type>user</type>
    <extensions>
      <gpxx:WaypointExtension>
        <gpxx:DisplayMode>SymbolOnly</gpxx:DisplayMode>
      </gpxx:WaypointExtension>
      <wptx1:WaypointExtension>
        <wptx1:DisplayMode>SymbolOnly</wptx1:DisplayMode>
      </wptx1:WaypointExtension>
      <ctx:CreationTimeExtension>
        <ctx:CreationTime>2018-09-22T01:33:37Z</ctx:CreationTime>
      </ctx:CreationTimeExtension>
    </extensions>
  </wpt>
  <wpt lat="31.457662470638752" lon="-109.922541556879878">
    <ele>1747.723200000000134</ele>
    <time>2018-09-22T01:33:37Z</time>
    <name>Zac #88</name>
    <cmt>21-SEP-18 3:51:03PM</cmt>
    <desc>21-SEP-18 3:51:03PM</desc>
    <sym>City (Small)</sym>
    <type>user</type>
    <extensions>
      <gpxx:WaypointExtension>
        <gpxx:DisplayMode>SymbolOnly</gpxx:DisplayMode>
      </gpxx:WaypointExtension>
      <wptx1:WaypointExtension>
        <wptx1:DisplayMode>SymbolOnly</wptx1:DisplayMode>
      </wptx1:WaypointExtension>
      <ctx:CreationTimeExtension>
        <ctx:CreationTime>2018-09-22T01:33:37Z</ctx:CreationTime>
      </ctx:CreationTimeExtension>
    </extensions>
  </wpt>
  <wpt lat="31.45781435072422" lon="-109.922554884105921">
    <ele>1750.771200000000135</ele>
    <time>2018-09-22T01:33:37Z</time>
    <name>Zac #89</name>
    <cmt>21-SEP-18 3:52:10PM</cmt>
    <desc>21-SEP-18 3:52:10PM</desc>
    <sym>City (Small)</sym>
    <type>user</type>
    <extensions>
      <gpxx:WaypointExtension>
        <gpxx:DisplayMode>SymbolOnly</gpxx:DisplayMode>
      </gpxx:WaypointExtension>
      <wptx1:WaypointExtension>
        <wptx1:DisplayMode>SymbolOnly</wptx1:DisplayMode>
      </wptx1:WaypointExtension>
      <ctx:CreationTimeExtension>
        <ctx:CreationTime>2018-09-22T01:33:37Z</ctx:CreationTime>
      </ctx:CreationTimeExtension>
    </extensions>
  </wpt>
  <wpt lat="31.452181627973914" lon="-109.917049566283822">
    <ele>1661.160000000000082</ele>
    <time>2018-09-22T01:33:37Z</time>
    <name>Zac #9</name>
    <cmt>02-SEP-18 11:35:40AM</cmt>
    <desc>02-SEP-18 11:35:40AM</desc>
    <sym>City (Small)</sym>
    <type>user</type>
    <extensions>
      <gpxx:WaypointExtension>
        <gpxx:DisplayMode>SymbolOnly</gpxx:DisplayMode>
      </gpxx:WaypointExtension>
      <wptx1:WaypointExtension>
        <wptx1:DisplayMode>SymbolOnly</wptx1:DisplayMode>
      </wptx1:WaypointExtension>
      <ctx:CreationTimeExtension>
        <ctx:CreationTime>2018-09-22T01:33:37Z</ctx:CreationTime>
      </ctx:CreationTimeExtension>
    </extensions>
  </wpt>
  <wpt lat="31.457880483940244" lon="-109.922743728384376">
    <ele>1750.161600000000135</ele>
    <time>2018-09-22T01:33:37Z</time>
    <name>Zac #90</name>
    <cmt>21-SEP-18 3:54:01PM</cmt>
    <desc>21-SEP-18 3:54:01PM</desc>
    <sym>City (Small)</sym>
    <type>user</type>
    <extensions>
      <gpxx:WaypointExtension>
        <gpxx:DisplayMode>SymbolOnly</gpxx:DisplayMode>
      </gpxx:WaypointExtension>
      <wptx1:WaypointExtension>
        <wptx1:DisplayMode>SymbolOnly</wptx1:DisplayMode>
      </wptx1:WaypointExtension>
      <ctx:CreationTimeExtension>
        <ctx:CreationTime>2018-09-22T01:33:37Z</ctx:CreationTime>
      </ctx:CreationTimeExtension>
    </extensions>
  </wpt>
  <wpt lat="31.457904372364283" lon="-109.92280793376267">
    <ele>1751.380800000000136</ele>
    <time>2018-09-22T01:33:37Z</time>
    <name>Zac #91</name>
    <cmt>21-SEP-18 3:55:08PM</cmt>
    <desc>21-SEP-18 3:55:08PM</desc>
    <sym>City (Small)</sym>
    <type>user</type>
    <extensions>
      <gpxx:WaypointExtension>
        <gpxx:DisplayMode>SymbolOnly</gpxx:DisplayMode>
      </gpxx:WaypointExtension>
      <wptx1:WaypointExtension>
        <wptx1:DisplayMode>SymbolOnly</wptx1:DisplayMode>
      </wptx1:WaypointExtension>
      <ctx:CreationTimeExtension>
        <ctx:CreationTime>2018-09-22T01:33:37Z</ctx:CreationTime>
      </ctx:CreationTimeExtension>
    </extensions>
  </wpt>
  <wpt lat="31.458021802827716" lon="-109.922964004799724">
    <ele>1755.038400000000138</ele>
    <time>2018-09-22T01:33:37Z</time>
    <name>Zac #92</name>
    <cmt>21-SEP-18 3:56:31PM</cmt>
    <desc>21-SEP-18 3:56:31PM</desc>
    <sym>City (Small)</sym>
    <type>user</type>
    <extensions>
      <gpxx:WaypointExtension>
        <gpxx:DisplayMode>SymbolOnly</gpxx:DisplayMode>
      </gpxx:WaypointExtension>
      <wptx1:WaypointExtension>
        <wptx1:DisplayMode>SymbolOnly</wptx1:DisplayMode>
      </wptx1:WaypointExtension>
      <ctx:CreationTimeExtension>
        <ctx:CreationTime>2018-09-22T01:33:37Z</ctx:CreationTime>
      </ctx:CreationTimeExtension>
    </extensions>
  </wpt>
  <wpt lat="31.458090115338564" lon="-109.923145808279514">
    <ele>1760.524800000000141</ele>
    <time>2018-09-22T01:33:37Z</time>
    <name>Zac #93</name>
    <cmt>21-SEP-18 3:58:50PM</cmt>
    <desc>21-SEP-18 3:58:50PM</desc>
    <sym>City (Small)</sym>
    <type>user</type>
    <extensions>
      <gpxx:WaypointExtension>
        <gpxx:DisplayMode>SymbolOnly</gpxx:DisplayMode>
      </gpxx:WaypointExtension>
      <wptx1:WaypointExtension>
        <wptx1:DisplayMode>SymbolOnly</wptx1:DisplayMode>
      </wptx1:WaypointExtension>
      <ctx:CreationTimeExtension>
        <ctx:CreationTime>2018-09-22T01:33:37Z</ctx:CreationTime>
      </ctx:CreationTimeExtension>
    </extensions>
  </wpt>
  <wpt lat="31.458071256056428" lon="-109.923237506300211">
    <ele>1759.610400000000027</ele>
    <time>2018-09-22T01:33:37Z</time>
    <name>Zac #94</name>
    <cmt>21-SEP-18 3:59:55PM</cmt>
    <desc>21-SEP-18 3:59:55PM</desc>
    <sym>City (Small)</sym>
    <type>user</type>
    <extensions>
      <gpxx:WaypointExtension>
        <gpxx:DisplayMode>SymbolOnly</gpxx:DisplayMode>
      </gpxx:WaypointExtension>
      <wptx1:WaypointExtension>
        <wptx1:DisplayMode>SymbolOnly</wptx1:DisplayMode>
      </wptx1:WaypointExtension>
      <ctx:CreationTimeExtension>
        <ctx:CreationTime>2018-09-22T01:33:37Z</ctx:CreationTime>
      </ctx:CreationTimeExtension>
    </extensions>
  </wpt>
  <wpt lat="31.458164043724537" lon="-109.923243457451463">
    <ele>1764.182400000000143</ele>
    <time>2018-09-22T01:33:37Z</time>
    <name>Zac #95</name>
    <cmt>21-SEP-18 4:01:36PM</cmt>
    <desc>21-SEP-18 4:01:36PM</desc>
    <sym>City (Small)</sym>
    <type>user</type>
    <extensions>
      <gpxx:WaypointExtension>
        <gpxx:DisplayMode>SymbolOnly</gpxx:DisplayMode>
      </gpxx:WaypointExtension>
      <wptx1:WaypointExtension>
        <wptx1:DisplayMode>SymbolOnly</wptx1:DisplayMode>
      </wptx1:WaypointExtension>
      <ctx:CreationTimeExtension>
        <ctx:CreationTime>2018-09-22T01:33:37Z</ctx:CreationTime>
      </ctx:CreationTimeExtension>
    </extensions>
  </wpt>
  <wpt lat="31.458316091448069" lon="-109.923588875681162">
    <ele>1766.925600000000031</ele>
    <time>2018-09-22T01:33:37Z</time>
    <name>Zac #96</name>
    <cmt>21-SEP-18 4:04:27PM</cmt>
    <desc>21-SEP-18 4:04:27PM</desc>
    <sym>City (Small)</sym>
    <type>user</type>
    <extensions>
      <gpxx:WaypointExtension>
        <gpxx:DisplayMode>SymbolOnly</gpxx:DisplayMode>
      </gpxx:WaypointExtension>
      <wptx1:WaypointExtension>
        <wptx1:DisplayMode>SymbolOnly</wptx1:DisplayMode>
      </wptx1:WaypointExtension>
      <ctx:CreationTimeExtension>
        <ctx:CreationTime>2018-09-22T01:33:37Z</ctx:CreationTime>
      </ctx:CreationTimeExtension>
    </extensions>
  </wpt>
  <wpt lat="31.458391193300486" lon="-109.923653500154614">
    <ele>1767.840000000000146</ele>
    <time>2018-09-22T01:33:37Z</time>
    <name>Zac #97</name>
    <cmt>21-SEP-18 4:05:28PM</cmt>
    <desc>21-SEP-18 4:05:28PM</desc>
    <sym>City (Small)</sym>
    <type>user</type>
    <extensions>
      <gpxx:WaypointExtension>
        <gpxx:DisplayMode>SymbolOnly</gpxx:DisplayMode>
      </gpxx:WaypointExtension>
      <wptx1:WaypointExtension>
        <wptx1:DisplayMode>SymbolOnly</wptx1:DisplayMode>
      </wptx1:WaypointExtension>
      <ctx:CreationTimeExtension>
        <ctx:CreationTime>2018-09-22T01:33:37Z</ctx:CreationTime>
      </ctx:CreationTimeExtension>
    </extensions>
  </wpt>
  <wpt lat="31.458397898823023" lon="-109.923729943111539">
    <ele>1769.364000000000033</ele>
    <time>2018-09-22T01:33:37Z</time>
    <name>Zac #98</name>
    <cmt>21-SEP-18 4:07:23PM</cmt>
    <desc>21-SEP-18 4:07:23PM</desc>
    <sym>City (Small)</sym>
    <type>user</type>
    <extensions>
      <gpxx:WaypointExtension>
        <gpxx:DisplayMode>SymbolOnly</gpxx:DisplayMode>
      </gpxx:WaypointExtension>
      <wptx1:WaypointExtension>
        <wptx1:DisplayMode>SymbolOnly</wptx1:DisplayMode>
      </wptx1:WaypointExtension>
      <ctx:CreationTimeExtension>
        <ctx:CreationTime>2018-09-22T01:33:37Z</ctx:CreationTime>
      </ctx:CreationTimeExtension>
    </extensions>
  </wpt>
  <wpt lat="31.458548773080111" lon="-109.923856426030397">
    <ele>1775.15520000000015</ele>
    <time>2018-09-22T01:33:37Z</time>
    <name>Zac #99</name>
    <cmt>21-SEP-18 4:11:44PM</cmt>
    <desc>21-SEP-18 4:11:44PM</desc>
    <sym>City (Small)</sym>
    <type>user</type>
    <extensions>
      <gpxx:WaypointExtension>
        <gpxx:DisplayMode>SymbolOnly</gpxx:DisplayMode>
      </gpxx:WaypointExtension>
      <wptx1:WaypointExtension>
        <wptx1:DisplayMode>SymbolOnly</wptx1:DisplayMode>
      </wptx1:WaypointExtension>
      <ctx:CreationTimeExtension>
        <ctx:CreationTime>2018-09-22T01:33:37Z</ctx:CreationTime>
      </ctx:CreationTimeExtension>
    </extensions>
  </wpt>
  <wpt lat="31.452401988208294" lon="-109.917455082759261">
    <ele>1670.304000000000087</ele>
    <time>2018-09-22T01:33:37Z</time>
    <name>Zac#13</name>
    <cmt>02-SEP-18 11:41:37AM</cmt>
    <desc>02-SEP-18 11:41:37AM</desc>
    <sym>City (Small)</sym>
    <type>user</type>
    <extensions>
      <gpxx:WaypointExtension>
        <gpxx:DisplayMode>SymbolOnly</gpxx:DisplayMode>
      </gpxx:WaypointExtension>
      <wptx1:WaypointExtension>
        <wptx1:DisplayMode>SymbolOnly</wptx1:DisplayMode>
      </wptx1:WaypointExtension>
      <ctx:CreationTimeExtension>
        <ctx:CreationTime>2018-09-22T01:33:37Z</ctx:CreationTime>
      </ctx:CreationTimeExtension>
    </extensions>
  </wpt>
</gpx>
